customer_id,film_id,rating,timestamp
1,189,3,2023-12-07 08:20:46
1,104,3,2024-02-11 04:14:19
1,109,4,2024-02-14 08:56:18
1,186,3,2024-08-05 02:47:59
1,97,3,2024-09-22 19:49:48
1,64,3,2024-11-15 12:04:00
1,41,4,2024-11-26 20:10:52
1,106,5,2025-05-15 23:25:55
1,12,3,2025-07-04 15:06:55
1,76,4,2025-07-11 01:22:16
1,200,4,2025-07-17 23:09:28
1,140,5,2025-10-22 16:51:12
1,37,2,2025-11-23 00:54:22
1,100,5,2025-12-28 13:06:09
1,130,4,2026-01-06 19:41:03
1,26,5,2026-03-04 21:08:48
1,90,3,2026-03-20 18:55:26
1,48,3,2026-03-25 00:26:56
1,6,2,2026-04-03 00:01:33
1,71,3,2026-04-18 07:16:56
1,183,5,2026-05-12 03:47:40
2,48,5,2022-03-08 19:48:46
2,30,4,2022-09-14 02:23:03
2,137,5,2022-10-09 13:14:47
2,56,4,2022-11-19 16:34:10
2,140,4,2023-01-20 01:43:03
2,149,3,2023-03-27 22:18:02
2,178,4,2023-07-09 04:46:36
2,61,3,2023-08-14 06:52:19
2,126,4,2023-08-16 07:34:02
2,166,3,2024-02-17 09:15:22
2,200,4,2024-07-03 05:17:26
2,143,1,2025-04-12 21:02:01
2,10,4,2025-04-16 04:40:02
2,54,3,2025-06-28 21:24:04
2,63,2,2025-09-07 10:24:13
2,57,4,2026-04-25 21:45:15
3,143,3,2022-08-13 03:20:34
3,124,4,2022-12-03 18:12:40
3,48,4,2022-12-16 20:13:57
3,176,5,2022-12-20 13:13:27
3,94,3,2023-02-02 18:03:24
3,37,3,2023-03-11 11:35:25
3,158,5,2023-03-15 10:02:27
3,119,4,2023-03-22 10:31:57
3,140,3,2023-06-19 02:15:47
3,132,3,2023-07-08 11:43:36
3,107,4,2023-07-14 20:40:08
3,111,5,2023-09-27 09:10:58
3,3,3,2023-10-06 14:22:04
3,191,5,2023-10-22 06:45:08
3,148,3,2023-10-27 15:21:25
3,45,4,2023-12-18 00:21:27
3,172,3,2024-02-10 10:28:13
3,115,5,2024-02-27 23:08:19
3,122,4,2024-05-19 04:36:19
3,33,5,2024-07-14 09:44:32
3,64,4,2024-11-14 05:58:00
3,2,4,2024-11-16 10:49:09
3,56,2,2025-01-03 09:31:33
3,189,4,2025-02-26 08:36:03
3,166,4,2025-06-26 06:42:17
3,159,5,2025-09-29 21:26:52
3,174,5,2025-12-09 11:36:07
3,190,5,2025-12-30 11:29:06
3,86,5,2026-05-09 05:37:19
3,183,3,2026-06-02 14:14:31
4,106,5,2022-09-10 14:07:29
4,77,2,2022-11-01 02:47:24
4,68,3,2022-11-15 18:01:36
4,136,4,2022-11-17 17:49:55
4,58,1,2022-11-29 10:15:45
4,26,4,2022-12-04 19:04:25
4,2,2,2023-03-29 17:02:30
4,71,3,2023-05-06 05:16:22
4,151,2,2023-07-11 06:12:23
4,181,3,2023-10-27 00:47:10
4,119,4,2023-11-07 09:58:06
4,114,3,2024-01-02 01:50:11
4,45,3,2024-03-29 10:50:10
4,137,4,2024-04-08 06:57:03
4,63,2,2024-04-09 01:07:23
4,193,4,2024-04-20 02:23:56
4,65,2,2024-05-05 22:54:40
4,197,3,2024-05-09 09:37:34
4,123,2,2024-06-23 10:06:50
4,104,3,2024-09-10 21:56:06
4,64,2,2024-10-03 22:15:47
4,188,5,2024-10-15 20:20:14
4,35,4,2024-11-09 23:28:30
4,48,3,2024-12-12 22:11:22
4,90,3,2024-12-23 15:28:54
4,18,2,2024-12-26 14:19:23
4,135,2,2025-01-05 05:35:49
4,177,3,2025-01-22 20:35:09
4,198,3,2025-02-12 05:29:35
4,81,3,2025-02-26 08:13:18
4,168,4,2025-05-17 18:55:01
4,178,3,2025-05-20 09:00:36
4,84,4,2025-06-22 23:51:27
4,44,3,2025-08-09 12:40:39
4,130,3,2025-11-11 09:26:35
4,100,4,2026-02-05 21:20:08
4,140,5,2026-02-24 07:24:15
5,64,5,2023-06-16 19:44:52
5,45,3,2023-06-24 17:52:47
5,185,4,2023-06-29 16:41:10
5,126,4,2023-08-03 17:53:15
5,20,4,2023-08-06 02:06:09
5,166,3,2023-08-10 13:49:54
5,192,4,2023-10-10 11:53:58
5,75,5,2023-11-29 09:31:20
5,89,3,2024-02-28 06:37:48
5,154,4,2024-03-26 14:20:31
5,170,3,2024-04-23 15:00:31
5,123,3,2025-01-16 22:15:28
5,183,4,2025-03-31 04:44:25
5,145,3,2025-04-04 03:13:56
5,189,2,2025-05-14 15:42:09
5,143,2,2025-06-04 06:39:14
5,114,3,2025-06-19 07:52:35
5,168,5,2025-06-25 11:28:11
5,97,5,2025-09-24 12:09:27
5,15,5,2025-10-04 23:00:34
5,73,3,2025-11-07 03:06:22
5,136,3,2025-12-07 11:47:10
5,140,5,2025-12-22 20:38:50
5,48,4,2026-02-10 14:23:50
5,7,3,2026-02-16 07:02:20
5,130,4,2026-02-19 03:17:16
5,141,5,2026-02-27 04:56:42
5,30,4,2026-03-08 20:17:57
5,34,5,2026-03-11 17:32:06
5,188,5,2026-03-20 20:22:59
5,152,4,2026-05-04 20:28:47
5,84,5,2026-06-09 23:56:21
5,56,3,2026-06-26 04:22:57
6,23,4,2022-11-20 21:14:46
6,192,5,2022-12-07 22:39:07
6,107,5,2023-04-04 13:42:37
6,189,2,2023-04-26 10:51:37
6,132,4,2023-06-04 16:18:41
6,133,5,2023-08-08 16:21:20
6,176,5,2023-10-18 05:10:15
6,30,5,2023-10-20 20:21:58
6,41,3,2023-12-30 18:44:55
6,117,4,2024-03-23 02:54:11
6,114,5,2024-04-12 07:01:55
6,136,5,2024-08-08 19:25:01
6,191,5,2024-08-15 20:00:08
6,92,5,2024-09-01 04:02:50
6,150,4,2024-10-25 21:59:36
6,159,5,2024-10-30 03:33:30
6,166,4,2025-03-24 16:04:20
6,10,2,2025-04-05 00:13:05
6,93,3,2025-04-15 20:20:24
6,62,5,2025-04-28 18:52:51
6,181,4,2025-05-11 21:31:14
6,100,3,2025-05-27 17:44:07
6,183,4,2025-06-02 21:21:40
6,163,5,2025-06-11 07:05:30
6,48,4,2025-07-20 16:59:09
6,99,3,2025-07-28 04:28:57
6,154,5,2025-09-10 12:30:08
6,158,5,2025-09-13 06:54:05
6,143,3,2025-11-03 15:17:43
6,20,3,2025-11-24 22:55:56
7,33,4,2024-05-03 01:40:05
7,171,4,2024-05-29 00:11:50
7,50,3,2024-06-01 06:09:41
7,43,3,2024-06-10 16:46:36
7,109,4,2024-06-12 12:32:52
7,150,3,2024-07-20 03:38:03
7,146,4,2024-07-28 14:39:46
7,174,3,2024-07-29 21:41:03
7,166,3,2024-08-27 12:05:51
7,191,3,2024-08-27 12:24:58
7,57,4,2024-08-30 13:50:43
7,106,5,2024-10-17 22:24:28
7,133,4,2024-11-02 13:26:38
7,30,5,2024-12-09 00:51:36
7,7,5,2025-01-17 21:19:49
7,190,3,2025-01-24 13:57:35
7,12,4,2025-02-10 11:43:18
7,48,3,2025-02-18 12:28:02
7,121,3,2025-02-19 21:36:02
7,107,4,2025-02-25 21:39:51
7,124,3,2025-04-22 13:25:14
7,130,3,2025-05-14 16:14:47
7,176,4,2025-05-26 22:33:01
7,161,3,2025-05-28 16:35:46
7,89,4,2025-06-25 05:09:04
7,200,3,2025-06-28 05:27:38
7,69,3,2025-07-22 01:29:20
7,36,4,2025-07-24 06:44:23
7,129,3,2025-07-31 05:15:58
7,181,4,2025-09-01 04:58:48
7,18,3,2025-09-05 09:03:30
7,25,4,2025-09-28 16:15:15
7,31,5,2025-10-07 01:38:03
7,63,4,2025-10-08 00:10:41
7,139,4,2025-10-24 12:14:37
7,75,4,2025-10-29 17:29:35
7,160,4,2025-11-05 18:41:07
7,180,1,2025-12-08 02:29:55
7,182,4,2025-12-17 12:49:34
7,6,3,2025-12-21 00:21:13
7,115,4,2025-12-31 03:29:52
7,127,5,2026-01-08 03:17:25
7,113,5,2026-01-21 04:13:47
7,65,4,2026-02-03 11:32:49
7,45,3,2026-02-05 19:11:36
7,102,3,2026-02-09 08:10:24
7,178,4,2026-02-12 14:30:33
7,197,4,2026-03-05 21:37:48
7,114,4,2026-03-08 08:43:21
7,34,4,2026-03-11 13:04:41
7,147,4,2026-04-17 17:23:09
7,142,4,2026-05-20 05:20:52
7,123,4,2026-05-21 05:27:30
7,173,3,2026-05-31 20:23:56
7,118,4,2026-06-05 07:37:14
7,64,3,2026-06-26 08:17:40
8,99,5,2022-06-27 19:07:07
8,120,3,2022-08-14 22:19:29
8,124,3,2022-08-24 08:58:42
8,183,5,2022-11-09 20:19:44
8,3,3,2022-11-11 12:54:08
8,41,4,2023-02-07 04:54:48
8,188,4,2023-03-27 02:11:05
8,167,5,2023-04-09 11:31:31
8,25,4,2023-07-12 16:04:57
8,56,4,2023-08-11 18:35:36
8,45,4,2023-10-14 10:04:41
8,125,4,2023-11-05 01:53:36
8,186,3,2023-11-11 19:53:40
8,66,3,2023-11-30 13:42:44
8,6,4,2023-12-01 15:24:24
8,48,4,2023-12-19 17:41:15
8,182,4,2024-01-19 03:35:12
8,107,3,2024-03-03 16:15:42
8,86,3,2024-03-06 23:15:26
8,57,3,2024-03-08 02:58:41
8,117,4,2024-03-11 21:34:06
8,197,2,2024-04-05 18:09:51
8,166,4,2024-04-14 22:20:43
8,176,4,2024-04-28 00:58:11
8,159,4,2024-07-03 16:43:30
8,134,5,2024-08-05 08:41:42
8,119,4,2024-09-24 08:28:33
8,181,4,2024-10-07 02:53:17
8,130,4,2024-11-23 01:06:19
8,161,2,2024-12-05 11:37:08
8,44,4,2024-12-07 03:34:19
8,30,4,2024-12-23 00:04:08
8,180,4,2025-01-17 09:52:39
8,40,5,2025-02-01 02:08:34
8,14,4,2025-02-04 08:18:50
8,21,3,2025-02-16 08:58:41
8,64,4,2025-03-30 15:15:37
8,140,4,2025-04-13 03:58:37
8,18,2,2025-04-25 06:10:27
8,127,3,2025-05-13 21:13:57
8,200,4,2025-05-16 02:14:31
8,13,4,2025-05-26 11:34:30
8,113,4,2025-06-03 01:51:42
8,189,3,2025-07-31 23:27:54
8,7,4,2025-09-16 02:48:21
8,89,4,2025-09-25 22:02:48
8,10,3,2026-01-21 17:23:44
8,94,1,2026-03-02 03:56:49
8,33,3,2026-03-21 08:55:35
8,101,5,2026-06-02 01:27:50
8,67,3,2026-06-16 05:28:01
9,48,4,2023-01-31 03:28:14
9,60,4,2023-02-22 06:39:35
9,101,5,2023-04-10 23:21:39
9,180,3,2023-05-06 07:08:44
9,130,4,2023-06-11 02:14:14
9,19,3,2023-07-18 03:32:18
9,41,5,2023-07-31 09:12:22
9,117,4,2023-09-04 21:46:59
9,154,3,2023-10-27 10:55:03
9,143,2,2024-03-19 23:31:45
9,197,2,2024-04-16 22:57:32
9,125,5,2024-06-21 15:12:29
9,13,4,2024-08-28 22:58:45
9,113,5,2025-02-18 10:29:11
9,178,4,2025-03-21 06:05:48
9,12,4,2025-04-04 05:54:47
9,45,3,2025-06-12 12:44:53
9,114,3,2025-10-07 04:39:27
9,118,4,2025-11-26 05:05:13
9,92,5,2026-02-01 01:56:27
9,98,3,2026-03-09 00:48:39
9,64,1,2026-03-18 04:36:26
9,166,4,2026-04-10 04:56:07
9,44,3,2026-05-13 19:07:10
10,170,3,2023-03-13 11:23:30
10,20,3,2023-04-12 17:19:42
10,194,2,2023-06-27 10:30:03
10,113,3,2023-09-29 09:32:51
10,151,3,2023-10-13 20:43:30
10,71,5,2023-12-13 20:52:56
10,178,4,2023-12-25 23:58:08
10,189,2,2024-01-10 13:19:43
10,132,2,2024-01-25 12:21:14
10,104,3,2024-04-29 03:03:20
10,67,3,2024-05-06 06:08:35
10,124,2,2024-05-07 02:27:39
10,130,3,2024-06-01 19:36:28
10,190,3,2024-06-29 20:29:38
10,18,3,2024-07-31 09:00:48
10,198,4,2024-08-07 08:04:19
10,149,2,2024-08-18 12:24:08
10,34,4,2024-09-04 05:32:31
10,52,3,2025-02-14 05:57:54
10,200,5,2025-02-16 07:11:48
10,163,3,2025-04-25 14:56:03
10,173,3,2025-05-30 04:45:19
10,157,4,2025-06-17 12:15:54
10,26,5,2025-08-06 12:39:26
10,64,3,2025-08-19 10:04:42
10,166,2,2025-12-31 02:44:44
10,10,4,2026-01-05 09:38:31
10,57,4,2026-01-16 03:36:40
10,106,5,2026-02-19 10:25:52
10,87,3,2026-03-10 08:23:07
10,186,3,2026-04-11 20:14:32
10,140,5,2026-04-28 08:33:55
11,149,3,2021-11-17 21:23:11
11,162,2,2021-12-02 01:06:50
11,130,3,2022-01-13 12:07:00
11,43,2,2022-05-12 05:41:24
11,100,3,2022-07-28 18:03:54
11,143,4,2022-11-15 19:05:59
11,124,2,2022-12-23 01:30:25
11,52,5,2022-12-27 16:27:18
11,49,2,2023-01-05 06:10:51
11,191,4,2023-01-16 06:38:02
11,193,2,2023-01-25 19:54:14
11,152,2,2023-06-13 03:05:01
11,140,2,2023-09-12 23:50:17
11,41,2,2023-10-20 17:02:17
11,75,2,2023-12-27 06:49:39
11,3,4,2023-12-30 17:05:12
11,50,4,2024-06-02 11:40:34
11,194,2,2024-06-23 18:06:04
11,147,4,2024-08-28 21:30:48
11,6,4,2024-11-25 08:31:16
11,121,1,2024-12-05 03:22:13
11,118,3,2025-02-25 03:49:11
11,12,2,2025-03-01 00:02:16
11,192,4,2025-04-03 18:47:35
11,173,2,2025-04-05 13:57:22
11,176,2,2025-04-10 11:11:22
11,62,5,2025-07-07 06:38:14
11,159,4,2025-08-24 09:47:11
11,183,3,2025-10-13 11:34:18
11,35,5,2025-10-15 15:44:45
11,45,5,2025-10-26 03:52:51
11,170,3,2025-11-13 19:24:32
11,144,3,2025-12-21 18:53:53
11,114,3,2026-01-13 04:55:42
11,99,3,2026-04-12 11:12:47
11,48,2,2026-05-16 16:02:07
11,96,4,2026-06-14 19:52:25
11,40,3,2026-06-15 23:02:10
12,151,3,2024-02-02 12:42:39
12,197,4,2024-02-08 21:41:41
12,65,3,2024-02-11 01:02:40
12,16,4,2024-02-15 08:26:07
12,15,4,2024-04-22 05:42:46
12,150,2,2024-05-03 00:54:27
12,48,3,2024-05-05 16:02:24
12,7,3,2024-05-08 08:00:34
12,122,5,2024-05-10 18:46:46
12,29,3,2024-05-20 11:08:05
12,41,3,2024-06-19 20:08:18
12,172,3,2024-07-26 14:24:31
12,135,4,2024-08-12 19:14:42
12,178,5,2024-09-02 07:39:28
12,143,3,2024-09-02 17:53:22
12,99,2,2024-09-10 21:47:45
12,50,4,2024-09-13 01:54:16
12,18,4,2024-09-22 04:51:05
12,157,5,2024-09-22 13:32:07
12,158,4,2024-09-26 08:44:05
12,113,3,2024-09-27 19:29:37
12,123,3,2024-12-03 13:00:09
12,191,4,2025-01-12 03:42:46
12,62,4,2025-01-27 21:45:42
12,177,5,2025-02-10 23:48:27
12,124,5,2025-02-17 01:26:02
12,200,3,2025-04-23 20:50:18
12,67,4,2025-06-27 15:15:13
12,114,3,2025-08-18 10:29:55
12,121,3,2025-09-18 15:52:19
12,73,5,2025-10-02 12:16:04
12,8,2,2025-10-08 15:39:43
12,95,2,2025-10-22 02:17:40
12,45,4,2025-11-06 00:46:19
12,184,4,2026-01-07 18:01:21
12,34,4,2026-01-12 06:54:49
12,198,4,2026-02-19 07:16:37
12,147,5,2026-03-03 22:34:45
12,182,4,2026-04-11 12:38:52
12,109,4,2026-06-17 01:05:49
12,64,3,2026-06-29 13:48:39
13,91,3,2022-08-08 06:43:22
13,130,3,2022-08-09 12:29:00
13,187,3,2022-08-19 11:32:37
13,23,4,2022-09-29 15:39:54
13,34,3,2022-10-03 21:33:20
13,48,2,2022-10-19 05:04:32
13,40,3,2023-02-05 05:56:27
13,19,3,2023-04-19 16:37:34
13,67,3,2023-06-10 10:44:36
13,186,3,2023-07-31 12:45:11
13,99,4,2023-09-28 00:40:38
13,171,3,2023-10-14 21:37:04
13,191,4,2023-10-21 13:51:58
13,74,3,2023-11-30 19:07:25
13,41,4,2023-12-09 19:30:05
13,131,5,2024-01-20 02:53:39
13,7,4,2024-02-03 17:53:49
13,177,3,2024-04-01 12:53:41
13,75,3,2024-06-01 03:50:18
13,63,4,2024-07-11 19:19:26
13,140,2,2024-09-29 16:23:44
13,151,4,2024-10-27 06:27:23
13,88,4,2024-10-30 20:21:03
13,198,2,2024-11-02 08:56:13
13,143,2,2024-11-08 03:21:43
13,166,4,2025-04-05 07:11:06
13,122,3,2025-05-04 15:06:11
13,146,3,2025-10-12 10:57:49
13,121,2,2025-10-14 17:36:42
13,189,4,2025-11-09 06:50:17
13,167,5,2026-05-27 08:28:14
14,169,3,2022-05-25 17:57:02
14,64,2,2022-06-22 17:43:12
14,22,5,2022-07-26 22:27:08
14,182,3,2022-09-01 03:58:21
14,121,3,2022-09-09 10:50:29
14,198,2,2022-10-20 15:39:13
14,164,2,2022-11-30 21:56:51
14,95,3,2023-01-04 13:46:45
14,17,4,2023-03-05 13:29:42
14,107,4,2023-03-25 14:49:50
14,117,4,2023-03-29 06:34:14
14,108,2,2023-04-04 17:39:24
14,81,4,2023-04-22 11:47:55
14,7,3,2023-05-29 02:19:20
14,124,3,2023-09-13 08:25:10
14,92,4,2023-09-26 19:00:18
14,112,4,2023-09-30 07:44:20
14,139,4,2023-11-17 10:50:23
14,86,3,2024-01-01 16:38:54
14,118,2,2024-01-12 09:41:23
14,62,3,2024-01-27 05:50:48
14,72,3,2024-02-19 09:20:50
14,12,3,2024-05-16 03:20:57
14,33,4,2024-05-22 06:23:16
14,130,4,2024-08-28 02:26:16
14,161,2,2024-09-21 11:16:31
14,30,3,2024-11-01 06:00:29
14,197,3,2024-11-27 08:28:45
14,178,4,2024-11-29 17:39:04
14,4,3,2024-12-24 08:17:02
14,176,4,2025-04-14 07:39:06
14,189,3,2025-05-04 23:25:37
14,166,4,2025-06-07 04:27:40
14,114,3,2025-06-14 21:15:00
14,127,5,2025-12-01 05:26:23
14,125,4,2026-01-22 17:05:03
14,94,1,2026-02-06 20:16:42
14,145,2,2026-04-20 08:49:58
14,132,5,2026-05-21 03:18:47
14,135,4,2026-06-04 18:05:45
14,150,3,2026-06-15 17:14:17
14,80,4,2026-06-23 07:30:12
15,126,3,2024-09-10 20:00:05
15,71,2,2024-11-21 04:05:41
15,33,3,2025-01-11 05:48:33
15,50,4,2025-01-24 15:57:16
15,130,4,2025-01-31 22:21:58
15,114,4,2025-02-07 14:30:50
15,7,4,2025-02-27 19:45:52
15,97,4,2025-03-17 08:44:22
15,122,5,2025-05-17 04:30:23
15,64,3,2025-07-08 07:44:33
15,143,3,2025-07-18 15:32:46
15,59,5,2025-08-26 05:54:13
15,87,3,2025-09-02 14:26:37
15,73,4,2025-09-17 04:06:08
15,189,2,2025-10-21 23:46:06
15,161,4,2025-11-28 07:02:28
15,191,3,2025-12-05 06:11:09
15,129,4,2025-12-06 07:03:54
15,19,4,2025-12-16 18:21:46
15,12,3,2026-01-05 13:53:00
15,136,3,2026-02-02 15:44:18
15,94,2,2026-04-24 09:51:21
15,113,3,2026-04-29 01:21:29
15,65,2,2026-06-12 04:55:40
16,30,3,2025-04-08 10:16:18
16,123,4,2025-04-10 11:08:55
16,183,5,2025-04-20 01:36:48
16,147,4,2025-04-20 05:21:05
16,67,3,2025-05-23 00:06:02
16,174,2,2025-05-24 00:10:12
16,191,3,2025-06-02 12:01:28
16,127,4,2025-06-21 09:55:12
16,194,4,2025-07-05 10:24:22
16,57,2,2025-07-11 01:03:18
16,121,2,2025-07-19 13:29:45
16,99,5,2025-07-26 00:52:20
16,91,5,2025-07-29 11:24:54
16,148,4,2025-09-06 02:21:32
16,149,3,2025-09-25 22:20:08
16,114,5,2025-11-10 06:01:46
16,92,5,2025-11-27 22:26:44
16,193,4,2025-12-11 21:52:13
16,186,4,2026-01-01 15:59:29
16,45,4,2026-01-07 05:27:15
16,7,5,2026-01-13 09:48:42
16,195,4,2026-01-28 18:12:37
16,130,4,2026-02-23 17:32:41
16,46,4,2026-03-04 20:41:30
16,166,3,2026-05-10 09:16:00
16,125,4,2026-05-16 01:29:47
16,151,5,2026-05-28 02:40:16
16,160,4,2026-06-15 11:07:08
16,133,4,2026-06-20 22:31:30
16,37,4,2026-06-24 01:07:37
17,75,3,2024-01-26 17:35:59
17,41,4,2024-04-01 20:49:09
17,191,4,2024-05-04 01:45:19
17,72,4,2024-05-09 01:15:18
17,100,3,2024-05-27 09:11:35
17,117,5,2024-06-04 17:46:59
17,164,3,2024-06-29 17:46:02
17,158,5,2024-07-03 02:28:42
17,196,3,2024-08-04 14:55:39
17,87,2,2024-10-13 00:23:01
17,45,3,2024-11-09 01:28:42
17,63,5,2025-01-18 18:16:18
17,111,5,2025-01-22 22:15:30
17,105,4,2025-01-23 05:27:00
17,200,5,2025-02-16 14:41:19
17,33,5,2025-02-17 17:44:05
17,57,3,2025-04-06 21:27:44
17,154,4,2025-05-04 18:28:06
17,104,4,2025-05-26 10:12:39
17,37,4,2025-06-06 12:05:48
17,190,4,2025-06-13 14:09:17
17,61,3,2025-06-20 15:33:42
17,28,3,2025-07-03 19:21:26
17,62,5,2025-08-31 08:33:11
17,121,4,2025-09-10 11:32:16
17,60,5,2025-10-11 19:05:28
17,40,5,2025-10-13 03:46:09
17,136,5,2025-10-17 17:29:49
17,107,5,2025-10-23 04:40:42
17,67,2,2025-10-27 02:39:04
17,166,4,2025-11-01 21:45:35
17,139,5,2025-11-10 13:37:30
17,6,3,2025-11-28 05:47:52
17,176,5,2025-11-29 17:58:23
17,173,2,2025-12-29 05:29:17
17,148,3,2026-01-07 21:21:07
17,130,4,2026-02-16 01:20:40
17,79,1,2026-02-19 12:09:30
17,163,5,2026-04-29 04:50:18
17,125,4,2026-05-19 20:16:47
17,150,4,2026-06-29 07:55:30
18,113,5,2025-02-23 13:32:12
18,64,4,2025-02-24 05:56:27
18,118,3,2025-03-09 12:39:50
18,3,3,2025-03-10 13:53:36
18,96,5,2025-03-12 09:41:19
18,198,4,2025-03-28 02:34:16
18,165,5,2025-04-12 14:13:30
18,117,1,2025-04-20 15:05:48
18,127,4,2025-05-03 10:35:53
18,130,3,2025-05-17 23:45:16
18,62,4,2025-06-13 04:37:35
18,18,3,2025-06-27 01:54:56
18,143,4,2025-07-23 19:55:32
18,60,4,2025-08-11 14:43:18
18,169,5,2025-08-16 22:17:22
18,191,4,2025-08-28 23:50:17
18,148,5,2025-09-26 01:09:10
18,188,4,2025-11-14 10:27:04
18,59,4,2025-11-22 08:09:07
18,144,4,2025-11-28 06:49:21
18,181,3,2025-12-17 07:17:13
18,21,5,2025-12-25 17:06:11
18,36,3,2026-01-08 16:34:46
18,106,5,2026-02-04 08:25:15
18,71,3,2026-02-05 07:00:14
18,67,5,2026-02-08 18:23:48
18,75,4,2026-02-19 08:48:31
18,163,4,2026-02-27 22:26:41
18,115,4,2026-03-20 07:13:22
18,197,4,2026-04-03 23:41:12
18,147,5,2026-04-05 02:57:37
18,45,5,2026-04-20 17:33:59
18,34,4,2026-05-02 18:20:20
18,137,5,2026-05-14 20:05:05
18,86,4,2026-05-17 06:46:36
18,132,3,2026-05-17 14:21:42
18,140,3,2026-05-20 00:24:48
18,15,4,2026-05-27 02:31:11
19,13,3,2024-11-08 20:04:32
19,125,4,2024-11-11 06:17:08
19,127,3,2024-12-27 01:39:58
19,96,3,2024-12-30 11:24:35
19,14,2,2024-12-31 07:12:22
19,10,3,2025-01-05 19:05:06
19,178,3,2025-01-23 01:26:41
19,86,2,2025-02-08 13:25:18
19,101,2,2025-02-23 18:46:43
19,190,2,2025-03-02 11:22:24
19,188,3,2025-03-07 11:29:51
19,92,2,2025-03-10 17:29:07
19,118,1,2025-03-18 03:22:31
19,20,4,2025-04-05 21:10:00
19,158,3,2025-04-22 18:45:15
19,41,4,2025-05-14 22:13:16
19,189,3,2025-05-16 01:38:37
19,82,2,2025-06-07 01:58:52
19,74,2,2025-07-23 05:25:14
19,70,2,2025-08-08 17:37:46
19,80,2,2025-08-29 19:53:54
19,109,3,2025-09-10 06:43:17
19,148,3,2025-09-23 13:27:20
19,114,3,2025-09-26 10:02:02
19,168,3,2025-10-16 15:59:17
19,34,3,2025-10-24 20:26:16
19,140,4,2025-10-28 09:02:18
19,142,2,2025-10-31 00:34:58
19,130,2,2025-11-29 07:48:06
19,65,2,2025-12-05 13:10:35
19,67,3,2026-01-09 03:47:11
19,64,2,2026-01-22 07:23:11
19,102,4,2026-01-29 05:53:50
19,90,4,2026-02-08 01:15:14
19,198,3,2026-02-10 16:21:33
19,43,2,2026-03-12 15:23:43
19,181,3,2026-03-20 20:01:39
19,45,3,2026-03-22 16:23:46
19,197,3,2026-04-17 02:11:38
19,7,3,2026-04-18 13:17:30
19,62,2,2026-05-10 11:21:43
19,33,2,2026-05-18 01:55:14
19,108,2,2026-06-05 11:27:49
19,48,2,2026-06-25 13:28:49
19,143,2,2026-06-29 21:58:58
20,18,3,2023-03-24 19:00:56
20,130,4,2023-03-27 08:26:13
20,147,4,2023-03-30 06:27:58
20,59,5,2023-07-10 14:12:26
20,132,5,2023-09-12 14:34:15
20,121,2,2023-10-16 01:41:11
20,42,3,2024-01-16 16:18:20
20,126,4,2024-04-08 08:11:52
20,12,3,2024-08-22 02:14:06
20,164,4,2024-10-31 09:00:25
20,191,3,2024-11-01 06:31:59
20,183,5,2024-12-08 02:08:24
20,116,3,2025-05-14 08:40:00
20,34,4,2025-08-08 07:48:20
20,97,4,2025-08-22 04:12:53
20,107,4,2025-09-13 15:13:17
20,144,4,2025-10-17 22:23:49
20,67,4,2026-02-27 00:23:56
20,85,5,2026-04-26 13:48:20
20,106,5,2026-06-29 23:19:43
21,82,4,2024-06-24 11:11:28
21,57,4,2024-07-01 10:54:22
21,48,4,2024-07-08 19:33:35
21,20,2,2024-07-15 04:23:42
21,86,3,2024-08-13 03:20:37
21,134,4,2024-09-15 06:31:34
21,34,4,2024-10-15 01:54:22
21,90,3,2024-12-26 20:02:38
21,181,4,2025-01-21 12:29:24
21,130,4,2025-01-23 10:58:50
21,7,4,2025-03-11 14:01:43
21,166,4,2025-03-17 06:59:33
21,127,3,2025-05-10 11:28:36
21,96,4,2025-08-03 09:49:06
21,149,3,2025-10-01 08:08:36
21,182,5,2025-10-13 09:31:32
21,30,4,2026-01-25 15:53:08
21,47,5,2026-03-08 10:10:11
21,123,4,2026-04-04 19:53:51
21,158,4,2026-04-11 21:14:11
21,45,3,2026-04-18 19:45:11
21,153,4,2026-04-21 09:16:39
21,194,3,2026-04-27 05:09:47
21,144,3,2026-05-23 20:13:40
21,117,2,2026-06-12 16:32:45
21,109,4,2026-06-16 00:55:14
22,92,3,2022-06-27 18:47:15
22,68,5,2022-08-08 08:42:08
22,127,5,2022-09-25 13:28:42
22,109,3,2022-12-11 15:38:40
22,119,2,2023-07-01 10:43:06
22,154,4,2023-10-02 05:32:55
22,102,2,2023-10-16 22:31:54
22,183,4,2023-12-23 02:26:28
22,186,3,2024-01-09 19:05:35
22,189,4,2024-06-21 23:36:47
22,95,3,2024-07-09 12:26:30
22,166,4,2024-10-11 00:52:15
22,134,4,2024-10-17 10:07:03
22,198,3,2025-04-07 10:42:12
22,17,4,2025-04-16 06:37:38
22,41,4,2025-04-18 18:42:33
22,131,5,2025-04-22 21:48:09
22,67,2,2025-10-08 14:54:07
22,200,3,2026-01-15 03:04:21
22,149,2,2026-02-25 06:35:43
22,171,3,2026-04-16 12:33:53
23,42,4,2023-03-24 14:33:24
23,111,5,2023-04-07 23:25:51
23,117,3,2023-06-23 08:15:50
23,99,4,2023-08-05 01:04:38
23,189,3,2023-09-29 03:36:38
23,166,4,2023-11-17 17:08:06
23,182,5,2023-11-24 03:45:51
23,199,4,2023-12-25 10:29:06
23,162,3,2024-01-04 02:39:41
23,192,5,2024-03-19 23:41:06
23,57,4,2024-05-07 06:54:42
23,135,4,2024-06-01 11:18:02
23,160,4,2024-06-09 00:40:54
23,159,5,2024-07-12 11:45:46
23,13,4,2024-07-23 12:39:06
23,136,5,2024-07-27 05:41:02
23,63,5,2024-07-27 16:51:28
23,123,4,2024-12-01 21:33:51
23,48,5,2025-02-15 00:52:59
23,113,5,2025-04-24 16:03:35
23,120,3,2025-05-08 15:55:59
23,198,3,2025-09-14 09:21:04
23,53,3,2025-09-27 04:14:58
23,193,4,2025-11-21 03:53:58
23,104,4,2025-11-30 14:25:35
23,88,3,2026-01-01 18:27:15
23,44,4,2026-01-10 08:31:59
24,166,4,2023-07-27 20:18:36
24,28,2,2023-09-06 08:46:15
24,115,5,2023-09-11 09:23:49
24,189,5,2024-01-10 22:39:20
24,140,5,2024-01-12 03:41:05
24,50,3,2024-02-05 07:24:50
24,75,3,2024-04-26 01:51:28
24,182,3,2024-07-30 01:17:21
24,181,5,2024-09-22 21:53:14
24,188,5,2024-12-19 00:56:01
24,119,2,2025-07-08 22:13:33
24,107,4,2025-07-17 05:27:47
24,132,3,2025-08-03 10:15:34
24,147,3,2025-10-06 06:23:50
24,178,4,2026-02-07 14:12:28
24,126,3,2026-05-07 14:31:36
25,147,2,2025-05-04 10:02:56
25,45,3,2025-05-09 14:48:04
25,130,4,2025-05-11 08:10:40
25,191,3,2025-05-13 16:43:32
25,152,4,2025-05-15 14:08:37
25,61,4,2025-05-22 15:42:47
25,65,1,2025-06-01 19:44:00
25,69,5,2025-06-10 05:55:03
25,89,4,2025-06-19 01:38:08
25,140,5,2025-06-20 14:14:39
25,60,3,2025-06-30 05:12:00
25,114,5,2025-07-15 01:14:38
25,137,5,2025-07-30 02:22:57
25,99,4,2025-08-17 02:26:56
25,10,4,2025-08-22 06:34:03
25,74,3,2025-09-01 20:33:49
25,123,5,2025-09-15 07:37:41
25,119,5,2025-09-28 07:36:05
25,199,5,2025-10-08 11:59:52
25,57,5,2025-11-12 02:22:56
25,182,5,2025-11-27 11:33:43
25,135,3,2025-12-12 17:26:49
25,172,4,2025-12-15 11:52:42
25,48,5,2026-01-04 13:56:30
25,113,5,2026-01-30 02:03:58
25,44,5,2026-02-02 08:57:41
25,111,4,2026-02-03 18:03:45
25,101,5,2026-02-18 19:39:31
25,194,4,2026-02-23 22:19:20
25,143,1,2026-02-24 22:30:40
25,118,5,2026-03-13 04:18:20
25,166,4,2026-03-26 10:18:42
25,125,5,2026-05-22 17:20:08
25,189,3,2026-06-07 20:47:53
25,84,4,2026-06-17 08:26:22
26,127,5,2024-11-02 15:34:05
26,118,4,2024-11-09 22:10:54
26,107,4,2024-11-28 00:34:09
26,20,3,2024-12-21 13:59:32
26,99,3,2025-01-15 22:54:39
26,198,2,2025-02-25 19:39:34
26,176,5,2025-03-16 08:48:19
26,68,4,2025-04-13 10:47:46
26,136,4,2025-05-20 20:56:34
26,139,5,2025-06-26 04:29:55
26,190,3,2025-07-24 04:23:35
26,166,4,2025-08-14 17:02:07
26,124,4,2025-09-24 09:16:23
26,2,4,2025-10-02 20:44:07
26,197,3,2025-10-04 00:01:39
26,177,4,2025-12-07 08:07:28
26,45,3,2025-12-29 13:22:48
26,92,4,2026-02-07 23:28:59
26,21,4,2026-02-12 11:26:11
26,30,5,2026-02-15 02:19:09
26,63,5,2026-03-08 19:19:20
26,70,2,2026-03-23 05:38:35
26,181,2,2026-04-03 12:18:26
26,188,3,2026-04-07 14:38:02
26,48,3,2026-04-27 08:39:14
26,143,2,2026-04-28 07:24:52
26,191,3,2026-04-29 09:53:16
26,132,4,2026-05-01 14:20:41
26,170,3,2026-05-16 05:07:24
26,178,5,2026-05-26 17:59:44
26,41,2,2026-05-27 06:09:54
26,105,4,2026-05-28 14:20:42
26,109,3,2026-05-31 14:53:19
26,91,3,2026-06-04 11:17:11
26,119,3,2026-06-13 08:21:44
27,48,2,2023-04-15 10:20:31
27,123,3,2023-05-07 15:47:07
27,150,2,2023-06-16 04:12:38
27,119,2,2023-08-14 14:52:42
27,159,4,2023-10-17 03:46:44
27,52,5,2023-11-05 00:52:00
27,63,3,2023-11-09 10:58:03
27,64,3,2024-01-21 17:33:21
27,192,5,2024-01-21 23:43:02
27,154,5,2024-03-04 23:42:15
27,103,4,2024-04-19 00:50:17
27,198,3,2024-05-16 11:25:12
27,45,3,2024-06-09 15:44:38
27,25,4,2024-07-04 18:12:36
27,118,4,2024-07-31 12:11:16
27,157,3,2024-08-25 11:08:23
27,91,5,2024-09-08 21:36:09
27,143,2,2024-12-10 09:11:57
27,107,3,2025-02-08 05:31:11
27,181,5,2025-02-12 14:11:27
27,99,5,2025-03-06 19:58:32
27,114,5,2025-03-08 10:34:18
27,83,4,2025-03-16 08:50:35
27,183,5,2025-05-04 15:21:07
27,140,4,2025-07-02 07:30:24
27,130,3,2025-07-03 02:46:33
27,189,4,2025-07-16 17:32:29
27,177,3,2025-08-03 15:52:44
27,86,3,2025-08-04 00:58:21
27,93,3,2025-08-06 11:45:01
27,147,3,2025-08-31 16:52:23
27,191,3,2025-12-19 09:27:12
27,194,3,2026-01-11 08:08:01
27,141,3,2026-03-05 02:27:32
27,2,3,2026-04-08 15:50:46
27,81,4,2026-04-16 01:28:29
27,149,2,2026-04-23 22:08:24
27,124,3,2026-04-26 16:55:57
27,178,3,2026-06-18 05:44:15
28,125,5,2024-02-04 19:56:26
28,44,5,2024-03-20 01:27:12
28,50,2,2024-04-14 14:42:51
28,89,4,2024-05-08 06:17:32
28,99,4,2024-06-20 05:53:48
28,55,4,2024-07-10 20:30:47
28,88,4,2024-07-16 16:36:37
28,181,4,2024-08-14 13:10:35
28,114,5,2024-09-23 09:25:25
28,128,5,2024-10-09 15:30:30
28,64,3,2024-10-16 06:26:55
28,161,2,2024-11-18 12:44:56
28,166,3,2024-12-13 21:46:09
28,168,5,2024-12-29 11:26:49
28,7,5,2025-01-11 18:33:41
28,48,3,2025-05-27 16:08:06
28,68,5,2025-06-27 16:08:10
28,154,5,2025-06-28 08:19:53
28,107,3,2025-07-25 23:15:02
28,57,3,2025-08-11 22:39:24
28,84,4,2025-08-23 09:22:12
28,62,3,2025-09-20 17:17:24
28,182,3,2025-12-09 16:22:16
28,28,3,2026-01-05 04:32:48
28,123,4,2026-02-11 13:24:58
28,198,3,2026-03-22 15:26:09
28,196,2,2026-04-17 00:34:25
28,150,3,2026-04-19 19:45:21
28,194,3,2026-04-21 05:48:03
28,101,4,2026-05-13 15:42:24
28,119,3,2026-05-24 11:24:35
28,156,5,2026-06-05 01:27:06
29,85,5,2022-05-24 22:54:34
29,34,5,2022-09-05 16:29:10
29,75,4,2023-03-14 23:55:00
29,194,1,2023-05-21 02:10:43
29,18,4,2023-08-12 20:14:47
29,21,3,2023-09-18 10:59:17
29,152,3,2023-10-01 10:38:38
29,197,5,2023-11-06 05:40:26
29,44,2,2024-01-28 23:09:48
29,83,3,2024-03-21 23:59:19
29,41,2,2024-08-18 00:42:26
29,140,5,2025-03-28 13:17:43
29,200,4,2025-05-03 08:54:53
29,176,3,2026-02-07 14:35:23
29,72,2,2026-03-27 04:33:11
29,110,5,2026-05-18 18:44:17
30,196,3,2024-09-23 18:02:29
30,140,5,2024-10-12 22:10:09
30,147,3,2024-10-26 07:25:28
30,189,4,2024-12-07 05:52:37
30,143,2,2024-12-08 22:01:35
30,124,3,2024-12-20 15:10:44
30,46,3,2025-03-02 22:41:02
30,103,3,2025-03-15 11:13:42
30,63,4,2025-05-04 16:40:47
30,159,4,2025-05-20 16:05:11
30,191,4,2025-05-30 03:43:59
30,149,3,2025-06-03 13:20:14
30,161,3,2025-06-07 09:04:25
30,34,2,2025-06-16 03:05:39
30,113,3,2025-07-19 17:32:21
30,27,3,2025-07-22 02:40:18
30,125,4,2025-07-24 14:22:32
30,188,4,2025-08-18 11:53:11
30,71,3,2025-08-23 11:12:18
30,97,2,2025-09-05 05:35:06
30,3,3,2025-09-05 12:26:31
30,84,3,2025-09-16 18:04:56
30,182,2,2025-09-20 13:07:43
30,127,4,2025-10-23 23:10:35
30,50,4,2025-11-14 23:40:35
30,45,4,2025-11-23 04:15:48
30,136,3,2025-11-26 10:13:17
30,91,3,2025-12-07 03:52:05
30,166,3,2025-12-14 19:50:56
30,86,2,2025-12-22 02:06:57
30,10,3,2026-01-14 03:10:09
30,48,3,2026-02-09 21:18:24
30,190,3,2026-03-02 03:54:36
30,106,4,2026-03-08 07:53:48
30,58,4,2026-03-09 18:33:51
30,112,3,2026-04-08 18:52:15
30,20,5,2026-05-14 15:15:54
30,2,3,2026-06-11 17:18:05
30,68,4,2026-06-18 02:15:47
31,125,5,2023-07-26 01:33:03
31,7,5,2024-03-08 10:51:41
31,159,5,2024-04-30 18:44:36
31,3,3,2024-05-03 18:07:30
31,121,4,2024-07-28 04:38:30
31,136,4,2024-08-28 21:56:27
31,192,5,2024-09-27 07:57:37
31,163,4,2024-11-01 00:48:58
31,135,4,2024-11-02 07:46:14
31,193,4,2024-12-31 10:35:03
31,176,5,2025-01-01 00:53:35
31,86,4,2025-01-21 16:21:26
31,172,5,2025-02-22 11:18:28
31,66,4,2025-06-14 06:19:48
31,177,5,2025-06-16 18:15:54
31,81,5,2025-06-19 22:04:07
31,179,4,2025-11-15 08:28:23
31,62,4,2025-11-24 10:55:45
31,161,2,2025-12-04 03:41:42
31,30,5,2026-01-09 08:48:07
31,190,4,2026-04-02 07:37:12
32,30,2,2023-05-30 21:43:01
32,177,4,2023-07-13 06:26:55
32,143,2,2023-07-19 19:02:58
32,99,5,2023-07-21 06:32:56
32,63,3,2023-08-12 00:29:31
32,178,3,2023-08-20 03:36:13
32,64,3,2023-09-24 01:05:11
32,181,4,2023-10-02 05:28:59
32,122,3,2023-11-15 21:51:38
32,162,2,2023-11-24 19:16:15
32,33,2,2023-12-12 12:57:39
32,41,2,2024-01-02 00:27:37
32,183,5,2024-01-31 17:09:38
32,6,1,2024-03-14 15:34:01
32,182,4,2024-04-27 10:05:04
32,60,2,2024-05-01 05:56:15
32,135,1,2024-06-16 08:50:35
32,55,2,2024-08-31 16:23:03
32,12,2,2024-09-01 09:49:58
32,45,2,2024-09-10 05:36:12
32,144,3,2024-09-19 06:23:58
32,160,3,2024-10-22 18:26:04
32,49,3,2024-11-16 22:38:12
32,188,3,2024-12-20 19:15:25
32,56,4,2024-12-30 05:15:28
32,48,3,2025-01-07 19:18:44
32,186,3,2025-01-21 03:14:53
32,109,2,2025-03-01 12:04:56
32,192,3,2025-04-04 09:20:05
32,70,4,2025-05-11 12:21:06
32,193,2,2025-05-15 04:50:36
32,7,4,2025-05-15 12:57:24
32,68,3,2025-05-21 15:52:08
32,166,2,2025-05-29 03:55:31
32,20,2,2025-06-10 07:04:30
32,114,3,2025-06-12 14:26:43
32,174,1,2025-07-02 05:50:50
32,191,2,2025-07-09 13:13:20
32,125,3,2025-08-24 11:56:24
32,140,3,2025-08-27 12:37:29
32,3,1,2025-09-14 13:50:52
32,189,1,2025-10-15 20:11:51
32,50,2,2026-01-27 19:13:40
32,118,5,2026-02-04 13:14:48
32,124,3,2026-03-15 02:56:09
32,97,2,2026-04-18 15:52:07
32,123,3,2026-06-16 07:06:32
33,86,2,2024-06-20 13:10:31
33,136,3,2024-07-05 21:11:52
33,48,4,2024-07-08 10:11:53
33,144,3,2024-09-15 07:38:13
33,64,3,2024-09-21 13:21:19
33,97,3,2024-12-13 04:24:54
33,113,4,2024-12-20 21:33:21
33,40,4,2025-02-11 07:43:04
33,197,4,2025-06-25 11:33:10
33,198,4,2025-09-09 22:47:58
33,99,4,2025-10-27 20:39:17
33,7,5,2025-11-12 21:41:22
33,123,4,2026-01-13 14:16:03
33,20,4,2026-01-14 02:29:24
33,63,2,2026-01-14 12:30:57
33,58,3,2026-01-17 06:08:08
33,47,5,2026-01-25 21:10:22
33,190,3,2026-02-19 06:14:02
33,75,3,2026-03-21 09:45:14
34,110,5,2024-02-13 12:10:20
34,106,5,2024-03-08 14:19:11
34,40,4,2024-04-05 22:01:15
34,61,3,2024-04-25 19:24:22
34,62,4,2024-04-27 16:33:55
34,39,5,2024-05-03 13:56:33
34,122,4,2024-05-29 11:35:52
34,41,4,2024-06-16 11:40:09
34,107,4,2024-06-22 12:04:57
34,89,4,2024-07-06 21:09:25
34,127,3,2024-08-02 20:41:20
34,8,5,2024-09-18 14:09:33
34,111,3,2024-09-20 21:09:54
34,92,3,2024-12-05 08:31:35
34,118,5,2025-01-12 13:35:20
34,185,4,2025-02-09 16:04:52
34,149,4,2025-04-30 00:39:41
34,114,4,2025-06-01 01:43:05
34,99,5,2025-06-04 07:04:52
34,198,3,2025-06-08 10:51:38
34,160,3,2025-06-23 17:22:47
34,3,3,2025-08-04 12:12:21
34,36,5,2025-08-20 11:07:31
34,91,5,2025-08-23 19:41:01
34,143,4,2025-10-08 15:44:53
34,144,4,2025-10-25 18:38:55
34,45,5,2025-11-02 15:18:11
34,168,4,2025-12-01 03:00:51
34,48,4,2025-12-16 17:51:02
34,47,4,2026-01-05 19:29:46
34,163,4,2026-02-09 20:27:46
34,86,3,2026-02-20 18:33:05
34,20,4,2026-03-11 03:41:16
34,10,3,2026-05-20 15:41:22
34,44,4,2026-05-30 12:57:53
35,171,2,2021-05-03 14:31:43
35,10,1,2021-05-12 05:00:00
35,151,4,2021-06-01 14:58:16
35,136,3,2021-08-07 14:45:36
35,33,2,2021-09-06 04:23:18
35,26,4,2021-12-06 05:54:37
35,48,4,2022-01-15 03:47:51
35,162,4,2022-01-20 20:51:58
35,41,4,2022-02-21 02:30:43
35,109,3,2022-03-11 01:41:52
35,135,4,2022-06-14 06:26:36
35,60,2,2022-08-02 05:39:35
35,71,4,2022-10-12 00:09:49
35,42,3,2022-11-07 04:44:59
35,169,2,2023-01-11 09:10:03
35,166,2,2023-02-08 09:29:44
35,191,3,2023-02-19 22:22:49
35,20,3,2023-03-26 00:30:06
35,57,3,2023-04-07 10:35:12
35,130,3,2023-04-16 10:25:47
35,94,1,2023-06-09 01:54:41
35,149,3,2023-08-02 13:11:47
35,185,5,2023-08-08 06:55:32
35,143,1,2023-08-24 00:16:06
35,119,4,2023-09-03 16:46:32
35,182,4,2023-10-02 23:30:35
35,43,1,2023-10-12 07:29:52
35,131,4,2023-12-01 03:57:56
35,25,2,2023-12-09 08:24:31
35,160,2,2024-03-16 08:17:04
35,189,3,2024-06-24 15:39:57
35,188,3,2024-07-09 16:16:48
35,51,1,2024-09-08 05:29:51
35,30,3,2024-12-01 20:52:47
35,89,2,2024-12-22 14:04:51
35,47,4,2025-01-23 13:38:27
35,125,4,2025-03-09 18:23:17
35,176,2,2025-03-12 14:31:14
35,126,3,2025-04-12 08:29:44
35,114,2,2025-05-08 23:01:05
35,99,3,2025-05-21 19:54:11
35,98,2,2025-07-05 09:25:17
35,132,4,2026-01-16 14:35:05
35,190,2,2026-02-24 15:41:21
35,101,4,2026-04-12 15:31:54
35,183,2,2026-04-18 09:20:23
35,198,2,2026-04-20 18:43:48
35,194,2,2026-05-03 21:16:37
36,28,4,2022-06-04 18:20:34
36,130,4,2022-06-09 00:29:43
36,75,5,2022-09-02 17:40:40
36,108,3,2022-10-16 00:00:07
36,101,4,2022-10-29 23:32:05
36,74,4,2023-02-12 01:23:52
36,147,4,2023-03-02 20:41:04
36,192,5,2023-03-16 11:50:22
36,178,4,2023-08-25 03:32:29
36,123,4,2023-09-15 11:18:57
36,86,4,2023-10-03 01:21:01
36,44,4,2023-10-20 19:16:20
36,8,3,2023-10-23 19:50:19
36,182,3,2023-12-12 10:46:27
36,149,2,2024-04-03 11:14:25
36,157,5,2024-04-21 00:48:38
36,177,5,2024-09-25 20:22:34
36,34,5,2024-10-18 22:25:15
36,186,3,2024-10-29 14:22:02
36,190,4,2024-12-19 19:42:30
36,97,5,2025-01-30 20:18:53
36,67,5,2025-02-17 15:13:19
36,183,3,2025-02-19 15:33:24
36,152,4,2025-03-08 22:20:02
36,62,3,2025-05-29 10:31:57
36,64,5,2025-08-07 00:06:29
36,198,4,2025-08-08 15:06:57
36,6,3,2025-09-24 18:53:30
36,120,3,2025-10-19 19:25:16
36,20,4,2025-10-21 22:08:38
36,136,4,2025-11-22 19:08:11
36,125,4,2026-02-22 07:14:26
36,17,3,2026-02-26 19:23:51
36,10,4,2026-03-11 23:30:15
36,113,4,2026-06-18 03:35:42
36,150,3,2026-06-22 05:11:49
37,105,4,2021-11-29 12:03:30
37,148,5,2021-12-19 02:25:53
37,48,4,2022-04-07 07:18:41
37,140,4,2022-05-19 19:49:17
37,191,4,2022-06-25 18:26:26
37,92,4,2022-07-19 20:44:59
37,118,5,2022-07-23 21:46:00
37,50,5,2022-08-07 18:04:02
37,76,4,2022-12-12 21:45:48
37,178,4,2023-01-04 13:47:42
37,122,5,2023-03-04 00:13:41
37,41,3,2023-03-22 03:32:38
37,101,5,2023-09-05 23:45:07
37,147,4,2023-10-20 18:27:09
37,45,5,2023-12-23 08:05:43
37,126,3,2024-01-31 03:16:43
37,68,4,2024-02-01 16:55:34
37,168,4,2024-02-07 22:47:52
37,107,4,2024-02-15 01:19:15
37,128,3,2024-03-28 15:00:47
37,114,4,2024-05-21 22:00:55
37,183,5,2024-06-14 05:13:54
37,59,4,2024-07-06 09:03:19
37,110,3,2024-08-26 12:24:18
37,99,5,2024-09-02 12:32:00
37,177,4,2024-11-22 00:01:53
37,125,4,2024-12-22 21:38:01
37,30,4,2024-12-25 13:20:25
37,86,4,2025-04-20 05:15:59
37,91,4,2025-05-03 05:37:58
37,106,5,2025-05-04 05:49:50
37,145,2,2025-06-06 03:39:16
37,7,4,2025-11-11 18:18:48
37,119,4,2026-01-21 04:19:04
37,166,4,2026-06-02 05:43:07
37,197,4,2026-06-04 08:07:45
37,192,4,2026-06-25 18:49:01
38,90,3,2024-05-01 16:44:41
38,182,4,2024-06-23 14:59:22
38,166,5,2024-06-25 23:08:45
38,197,4,2024-07-05 20:36:05
38,61,3,2024-07-06 09:40:45
38,42,4,2024-07-11 02:24:05
38,191,4,2024-07-11 20:24:29
38,189,4,2024-08-26 22:13:05
38,80,4,2024-09-05 09:03:52
38,123,5,2024-09-09 22:38:50
38,25,3,2024-10-19 11:00:36
38,195,5,2024-11-02 21:30:58
38,140,4,2024-11-10 05:19:56
38,152,3,2025-01-15 12:49:49
38,173,3,2025-01-20 01:03:01
38,176,4,2025-02-09 17:23:37
38,101,4,2025-02-28 20:19:22
38,10,3,2025-03-10 14:30:47
38,143,2,2025-03-11 04:37:15
38,157,3,2025-04-28 07:38:06
38,73,4,2025-05-07 02:55:25
38,45,4,2025-05-16 08:32:02
38,177,4,2025-07-13 04:05:27
38,96,5,2025-07-13 10:18:53
38,88,4,2025-07-20 23:42:39
38,40,3,2025-07-22 02:02:41
38,105,4,2025-09-16 22:46:56
38,3,3,2025-09-24 20:00:26
38,62,4,2025-11-04 17:23:38
38,111,4,2025-12-04 06:55:46
38,188,4,2026-01-02 07:55:38
38,200,4,2026-01-11 10:42:11
38,18,2,2026-02-25 01:03:21
38,110,4,2026-03-14 22:52:43
38,114,4,2026-03-20 00:41:35
38,133,4,2026-03-31 12:48:55
38,181,4,2026-05-03 10:42:21
38,37,3,2026-05-08 05:35:27
38,99,4,2026-05-13 23:39:54
39,3,3,2021-03-24 04:37:28
39,140,3,2021-08-10 01:32:07
39,18,4,2022-01-28 08:22:51
39,124,3,2022-02-02 10:42:18
39,21,4,2022-04-26 13:11:16
39,20,3,2022-06-09 05:14:15
39,126,5,2022-12-13 00:02:48
39,125,4,2023-05-24 09:20:39
39,92,4,2023-09-17 06:06:05
39,136,3,2023-10-12 10:17:03
39,118,3,2023-11-27 00:09:39
39,75,4,2024-02-02 06:22:29
39,127,4,2024-02-09 12:07:00
39,113,5,2024-03-21 01:04:58
39,177,3,2024-07-07 21:28:22
39,102,3,2024-11-16 19:49:58
39,63,3,2025-04-09 09:07:11
39,64,4,2025-07-09 19:26:52
39,48,5,2025-08-31 14:41:43
39,122,4,2025-11-21 03:26:31
39,45,4,2025-11-24 16:48:21
39,176,3,2026-02-09 15:21:05
39,114,3,2026-05-21 00:48:04
39,19,4,2026-06-27 13:42:28
40,177,4,2022-03-31 14:37:02
40,63,5,2022-04-06 16:29:58
40,91,4,2022-04-15 11:10:08
40,191,4,2022-05-28 18:43:52
40,96,5,2022-08-25 03:54:31
40,62,5,2022-09-19 10:39:35
40,107,5,2022-10-06 15:15:47
40,12,4,2022-11-10 00:32:23
40,104,4,2022-11-19 04:02:00
40,164,4,2023-01-21 23:30:50
40,166,4,2023-01-25 03:04:15
40,115,5,2023-04-23 19:49:26
40,45,5,2023-07-25 14:57:55
40,136,4,2023-09-24 00:43:06
40,99,5,2023-11-29 07:09:17
40,159,5,2024-04-01 12:04:10
40,121,4,2024-04-02 10:11:13
40,43,2,2024-07-10 20:36:14
40,56,5,2024-07-25 19:49:43
40,150,4,2024-08-13 07:15:41
40,124,4,2024-08-14 16:03:06
40,133,5,2024-10-11 03:37:43
40,21,4,2024-10-20 12:52:33
40,195,4,2024-10-29 13:09:33
40,127,5,2024-11-01 16:45:29
40,143,3,2024-11-09 12:48:53
40,122,4,2025-01-28 11:46:25
40,148,5,2025-03-23 09:40:57
40,180,4,2025-05-13 10:31:27
40,114,3,2025-10-27 05:28:49
40,110,4,2025-12-18 18:17:04
40,41,4,2025-12-19 04:13:44
40,153,4,2026-01-21 10:13:28
40,162,4,2026-03-09 19:28:30
40,118,5,2026-04-02 01:26:20
40,112,4,2026-04-18 00:25:57
40,58,4,2026-05-04 09:17:44
40,179,5,2026-05-22 10:02:18
40,144,5,2026-06-28 10:12:42
41,177,5,2023-10-03 23:11:37
41,118,3,2023-10-28 07:05:01
41,23,4,2023-11-25 22:52:06
41,62,5,2023-12-21 10:30:35
41,86,4,2024-02-05 16:22:40
41,43,4,2024-02-23 02:59:38
41,119,3,2024-04-01 05:04:30
41,30,5,2024-05-03 05:20:53
41,66,3,2024-06-05 13:42:59
41,17,3,2024-06-20 20:27:12
41,197,5,2024-07-07 18:40:29
41,127,4,2024-08-03 17:29:31
41,41,5,2024-09-12 21:53:33
41,142,4,2024-09-13 00:01:30
41,137,4,2024-10-18 18:46:25
41,7,5,2024-11-18 06:33:29
41,194,3,2024-11-21 08:42:58
41,131,5,2024-12-21 03:03:54
41,198,4,2025-01-31 06:06:42
41,105,4,2025-02-03 04:16:45
41,149,4,2025-03-09 17:33:49
41,64,4,2025-04-16 11:59:21
41,140,5,2025-05-26 16:54:25
41,28,5,2025-06-30 22:07:14
41,139,3,2025-07-17 17:46:48
41,34,4,2025-07-30 06:09:21
41,114,4,2025-09-20 04:57:37
41,141,4,2025-10-07 05:29:43
41,124,5,2025-10-26 12:04:03
41,10,3,2025-11-25 18:00:30
41,150,4,2025-12-07 23:29:56
41,122,3,2025-12-15 21:44:02
41,42,3,2025-12-27 06:16:57
41,168,4,2026-01-11 14:47:56
41,145,3,2026-01-26 23:06:26
41,33,4,2026-02-03 06:11:48
41,153,4,2026-02-10 01:52:54
41,157,4,2026-02-17 12:45:18
41,181,4,2026-03-14 03:25:38
41,99,5,2026-04-12 21:35:14
41,47,4,2026-04-17 02:15:22
41,18,4,2026-04-20 10:46:04
41,189,3,2026-05-08 23:58:02
41,45,4,2026-05-25 22:25:17
41,125,4,2026-05-26 19:32:58
41,115,5,2026-05-28 21:53:15
41,144,4,2026-06-25 15:54:44
42,32,4,2024-02-19 14:37:58
42,162,3,2024-02-22 12:28:47
42,143,4,2024-03-01 06:50:05
42,18,5,2024-03-09 02:21:03
42,82,2,2024-03-24 22:18:46
42,131,3,2024-03-26 04:45:11
42,7,4,2024-03-28 01:37:08
42,73,5,2024-04-03 01:06:52
42,41,2,2024-04-04 01:25:05
42,85,4,2024-04-05 08:56:26
42,49,4,2024-07-11 13:30:03
42,87,3,2024-07-15 02:24:47
42,51,4,2024-07-23 20:24:29
42,29,4,2024-07-29 21:55:41
42,127,2,2024-08-14 22:04:37
42,200,4,2024-08-16 16:59:33
42,3,3,2024-08-27 06:45:11
42,173,3,2024-08-27 09:24:25
42,83,4,2024-10-20 07:41:08
42,147,4,2024-11-10 05:37:09
42,16,3,2025-01-10 10:19:03
42,159,3,2025-01-14 03:44:04
42,198,4,2025-01-26 00:20:17
42,124,3,2025-01-29 13:38:37
42,94,4,2025-03-02 16:53:42
42,189,3,2025-03-09 14:44:30
42,103,4,2025-03-15 02:07:17
42,135,1,2025-03-28 22:14:15
42,161,4,2025-04-19 16:31:26
42,50,5,2025-05-06 03:14:27
42,149,2,2025-05-22 06:07:54
42,6,4,2025-06-07 23:22:08
42,89,4,2025-07-14 03:44:57
42,195,4,2025-07-25 03:08:53
42,126,1,2025-07-25 17:00:20
42,120,2,2025-08-13 05:41:09
42,19,2,2025-08-21 18:12:11
42,59,5,2025-10-03 04:12:35
42,23,5,2025-10-04 18:56:57
42,102,4,2025-10-21 18:34:32
42,67,4,2025-10-22 12:38:17
42,35,5,2025-11-09 08:07:10
42,45,4,2025-12-10 21:03:03
42,20,5,2026-01-02 17:42:27
42,63,3,2026-01-24 21:56:06
42,52,5,2026-02-06 22:43:52
42,130,3,2026-02-19 17:06:18
42,191,4,2026-02-20 13:37:53
42,177,3,2026-03-08 02:54:26
42,56,3,2026-03-21 18:19:19
42,165,4,2026-04-12 15:29:23
42,34,4,2026-04-14 19:57:35
42,64,4,2026-05-30 18:59:19
42,97,4,2026-06-01 08:46:40
43,59,5,2023-04-12 06:00:39
43,30,3,2023-05-16 14:33:56
43,83,4,2023-05-18 20:03:39
43,51,4,2023-05-25 02:05:31
43,128,3,2023-07-04 17:39:06
43,143,3,2023-07-28 22:34:23
43,94,3,2023-12-04 12:26:31
43,188,4,2023-12-04 19:19:43
43,50,4,2024-01-02 14:53:12
43,36,3,2024-01-16 11:08:28
43,158,4,2024-02-22 20:56:52
43,1,2,2024-03-07 18:38:38
43,99,3,2024-03-15 19:52:39
43,176,3,2024-04-05 05:48:23
43,17,3,2024-11-16 05:38:35
43,140,4,2024-11-27 01:55:56
43,91,4,2024-12-27 05:08:45
43,90,2,2025-01-13 15:56:23
43,166,3,2025-02-11 04:39:02
43,7,4,2025-03-08 20:52:28
43,141,3,2025-04-21 10:57:46
43,44,4,2025-05-30 02:59:22
43,114,4,2025-06-18 06:53:57
43,10,3,2025-07-18 05:16:50
43,45,5,2025-09-28 14:20:51
43,85,1,2025-10-20 21:50:43
43,26,3,2025-10-30 03:43:18
43,160,3,2025-11-22 21:48:26
43,62,4,2025-11-28 08:35:40
43,14,1,2026-02-05 16:31:42
43,165,4,2026-03-07 17:05:08
43,86,2,2026-05-27 14:15:09
43,182,2,2026-06-23 07:48:41
44,87,4,2024-11-14 18:07:40
44,153,3,2024-11-22 20:34:57
44,45,4,2025-01-18 13:00:31
44,79,3,2025-01-29 14:52:50
44,41,3,2025-02-18 00:35:51
44,114,5,2025-02-22 17:56:53
44,111,4,2025-03-21 05:47:34
44,147,4,2025-05-01 20:33:57
44,159,5,2025-05-17 21:51:04
44,5,4,2025-05-29 23:00:31
44,194,3,2025-07-25 23:38:38
44,133,4,2025-08-20 11:17:25
44,178,4,2025-09-06 04:26:59
44,140,4,2025-09-20 00:21:58
44,33,4,2025-09-28 00:19:00
44,3,3,2025-10-22 01:53:34
44,80,4,2025-11-18 00:25:08
44,35,4,2025-11-18 21:29:18
44,141,5,2025-11-26 07:58:21
44,6,2,2025-12-04 17:17:55
44,64,3,2025-12-09 14:42:24
44,177,4,2026-01-06 07:51:07
44,137,5,2026-01-18 12:25:01
44,90,3,2026-02-02 13:03:09
44,198,4,2026-04-19 09:54:42
44,30,4,2026-04-29 16:17:48
44,112,4,2026-05-16 22:26:25
44,154,4,2026-05-26 12:58:28
44,181,3,2026-06-07 13:06:29
44,40,2,2026-06-27 21:15:46
44,124,3,2026-06-29 16:24:06
45,143,3,2025-02-21 05:21:47
45,149,3,2025-03-10 22:53:54
45,37,3,2025-03-11 05:13:34
45,197,4,2025-03-13 11:37:34
45,97,3,2025-03-16 23:01:39
45,60,2,2025-04-02 05:28:46
45,140,3,2025-04-02 06:31:43
45,117,3,2025-04-11 15:49:30
45,92,4,2025-04-30 22:33:19
45,122,4,2025-05-01 01:12:48
45,41,4,2025-05-22 08:09:33
45,11,4,2025-06-02 21:59:45
45,137,5,2025-06-06 12:47:12
45,44,4,2025-06-30 12:39:26
45,124,3,2025-07-25 07:19:58
45,114,5,2025-07-25 07:39:00
45,113,5,2025-08-05 09:12:02
45,194,2,2025-08-05 09:21:49
45,182,4,2025-08-10 23:18:35
45,48,4,2025-08-22 19:03:07
45,177,4,2025-09-12 16:31:15
45,6,4,2025-10-12 02:21:09
45,166,4,2025-10-17 20:49:19
45,147,4,2025-10-25 20:28:57
45,34,4,2025-11-12 12:38:51
45,191,3,2025-11-23 05:47:00
45,153,3,2025-12-02 17:59:01
45,130,3,2025-12-17 14:04:30
45,126,4,2026-01-12 03:29:58
45,45,4,2026-01-19 15:08:40
45,173,2,2026-01-24 23:36:40
45,33,2,2026-02-16 17:15:08
45,189,3,2026-02-22 18:03:47
45,21,3,2026-03-17 16:58:36
45,165,4,2026-04-04 13:05:19
45,178,3,2026-04-27 18:32:51
45,50,4,2026-05-04 22:02:12
45,151,3,2026-05-07 14:32:25
45,90,3,2026-05-09 23:29:56
45,65,2,2026-05-14 07:04:16
45,7,4,2026-05-21 13:47:58
45,186,3,2026-06-06 19:47:16
46,136,4,2021-10-26 21:53:16
46,171,4,2021-11-22 14:35:56
46,3,2,2022-03-18 03:46:54
46,143,2,2022-04-02 11:30:45
46,51,3,2022-07-02 09:26:52
46,33,3,2022-07-07 07:48:27
46,112,4,2022-07-28 03:35:41
46,34,5,2022-09-08 14:34:06
46,57,5,2023-01-08 17:39:19
46,121,2,2023-02-02 08:05:56
46,145,3,2023-04-19 07:14:52
46,189,3,2023-04-30 22:40:02
46,155,5,2023-09-02 23:40:13
46,71,5,2023-09-03 14:09:52
46,147,4,2023-09-28 08:35:07
46,159,4,2023-11-09 14:50:13
46,173,4,2023-11-22 17:54:38
46,62,3,2023-11-29 21:40:00
46,91,3,2024-01-15 05:52:37
46,160,2,2024-06-13 17:52:24
46,1,3,2024-07-20 14:52:34
46,150,3,2024-11-08 15:37:05
46,92,4,2024-11-18 15:11:05
46,64,5,2025-01-02 18:23:01
46,138,5,2025-03-20 16:47:34
46,131,4,2025-03-29 01:44:48
46,144,4,2025-04-15 22:23:03
46,191,3,2025-06-19 21:45:00
46,107,4,2025-09-24 02:04:56
46,20,3,2025-09-27 07:48:44
46,104,3,2025-10-07 15:58:00
46,74,3,2025-12-15 16:46:48
46,6,3,2025-12-18 04:09:54
46,122,3,2026-04-11 05:38:35
46,162,3,2026-06-01 01:44:42
46,158,4,2026-06-07 09:28:46
47,194,2,2025-04-20 14:40:11
47,35,5,2025-04-22 15:24:56
47,114,3,2025-04-23 15:13:03
47,143,4,2025-06-02 05:26:26
47,74,3,2025-06-16 06:51:23
47,178,4,2025-07-08 10:05:40
47,122,5,2025-07-19 18:40:29
47,110,4,2025-07-26 22:42:35
47,37,4,2025-07-31 01:40:32
47,166,2,2025-08-04 17:31:55
47,3,4,2025-08-28 05:38:14
47,118,5,2025-10-23 07:13:26
47,176,4,2025-11-20 03:15:09
47,67,4,2025-11-30 14:38:16
47,200,4,2025-12-19 22:42:24
47,5,4,2025-12-20 23:21:42
47,123,4,2025-12-24 17:13:26
47,45,5,2026-01-04 20:38:14
47,159,4,2026-01-10 12:28:06
47,50,5,2026-01-19 20:04:31
47,94,4,2026-02-09 08:32:39
47,91,4,2026-02-09 23:27:02
47,7,3,2026-02-28 20:33:34
47,46,3,2026-03-17 10:25:43
47,106,5,2026-03-22 21:55:12
47,127,4,2026-03-30 03:12:25
47,48,4,2026-04-10 02:51:33
47,177,4,2026-05-31 15:06:57
47,125,3,2026-06-24 10:18:23
48,141,4,2023-10-22 03:54:23
48,103,3,2023-12-11 16:05:01
48,119,3,2024-03-28 03:25:51
48,97,3,2024-04-20 05:41:06
48,68,3,2024-04-22 05:10:45
48,28,4,2024-05-28 08:23:46
48,8,4,2024-06-12 08:42:49
48,114,3,2024-06-16 16:30:06
48,189,4,2024-10-11 08:02:55
48,122,3,2024-10-23 02:55:51
48,131,5,2024-11-04 06:18:51
48,47,5,2024-11-05 20:59:19
48,194,2,2025-01-15 00:16:15
48,140,4,2025-01-22 20:05:19
48,42,3,2025-03-15 00:55:05
48,7,4,2025-04-30 02:45:59
48,48,3,2025-06-21 16:24:51
48,145,3,2025-07-27 11:43:20
48,64,3,2025-09-08 14:21:29
48,157,3,2025-11-09 19:28:40
48,177,4,2025-11-22 16:18:53
48,18,3,2025-12-02 11:58:02
48,45,4,2026-01-16 06:49:37
48,41,5,2026-02-12 10:25:49
48,107,4,2026-03-17 11:57:40
48,167,5,2026-06-03 06:42:04
49,158,3,2023-12-11 03:36:07
49,157,5,2024-01-20 06:58:30
49,107,4,2024-04-10 02:27:49
49,64,4,2024-04-13 04:24:56
49,143,2,2024-06-04 05:12:50
49,34,5,2024-07-01 21:36:23
49,99,5,2024-10-11 02:28:17
49,125,5,2024-11-24 01:52:37
49,192,5,2024-11-24 02:49:09
49,132,3,2025-02-08 10:42:52
49,197,4,2025-03-23 19:24:01
49,181,4,2025-04-06 13:29:19
49,185,3,2025-04-29 05:46:44
49,199,5,2025-05-28 19:59:18
49,48,4,2025-09-04 16:38:58
49,81,4,2025-11-19 23:21:55
49,130,5,2025-11-23 13:26:38
49,183,5,2025-11-26 01:41:18
49,154,5,2025-12-24 02:09:50
49,19,4,2026-01-29 19:03:30
49,121,2,2026-01-29 20:03:49
49,43,4,2026-04-13 17:17:52
49,74,4,2026-04-18 14:13:55
49,166,3,2026-04-19 04:02:19
49,136,3,2026-04-21 21:19:20
49,16,5,2026-05-19 11:55:35
50,58,3,2021-10-17 12:03:59
50,130,3,2022-02-05 06:12:56
50,111,5,2022-02-26 19:33:04
50,62,4,2022-07-23 18:11:13
50,33,5,2022-08-08 02:31:35
50,64,3,2022-10-09 21:12:39
50,128,3,2022-10-14 23:38:09
50,174,3,2022-12-30 08:52:04
50,171,5,2023-01-21 06:24:32
50,144,5,2023-02-17 00:55:22
50,105,3,2023-09-06 04:34:39
50,125,3,2023-09-27 14:31:10
50,28,2,2023-11-07 08:30:15
50,143,1,2023-12-14 03:59:09
50,51,3,2024-03-15 09:32:25
50,118,3,2024-08-22 16:24:33
50,168,3,2024-08-25 19:22:44
50,100,4,2024-08-27 04:22:46
50,192,4,2024-12-18 01:20:44
50,81,4,2024-12-18 09:39:07
50,109,4,2024-12-25 09:10:02
50,162,2,2025-02-05 22:39:19
50,44,4,2025-04-10 18:13:01
50,124,4,2025-05-30 07:47:26
50,160,4,2025-07-25 04:28:56
50,115,4,2025-07-25 15:43:31
50,186,3,2025-08-25 17:49:23
50,114,4,2025-09-19 15:04:42
50,107,5,2025-12-13 15:33:37
50,133,5,2026-05-03 15:13:58
50,106,4,2026-05-18 12:54:11
50,86,4,2026-06-11 09:02:52
50,176,5,2026-06-15 18:54:10
51,197,3,2023-11-15 05:34:32
51,8,4,2023-11-22 04:37:18
51,109,5,2023-11-22 18:06:49
51,45,4,2024-04-02 22:05:58
51,130,4,2024-04-06 20:14:24
51,113,4,2024-06-29 04:22:18
51,71,3,2024-07-20 04:37:19
51,166,4,2024-10-08 20:31:36
51,117,5,2024-10-25 17:28:47
51,177,4,2024-11-06 14:39:05
51,170,4,2025-01-17 12:19:33
51,57,3,2025-03-10 17:54:42
51,121,3,2025-03-13 12:22:17
51,70,5,2025-06-12 16:17:45
51,33,4,2025-09-16 18:07:01
51,162,4,2025-09-27 01:12:17
51,141,4,2025-09-28 13:53:45
51,21,4,2025-11-18 06:20:58
51,151,5,2025-11-22 08:26:39
51,108,3,2025-12-04 19:31:33
51,107,5,2026-01-02 06:29:44
51,189,3,2026-03-20 02:32:34
51,181,5,2026-05-02 23:13:43
51,101,4,2026-06-14 20:00:11
51,34,3,2026-06-16 19:55:07
51,50,3,2026-06-28 13:04:41
52,168,4,2024-04-30 15:11:43
52,68,5,2024-05-26 00:03:37
52,50,5,2024-06-27 23:11:03
52,114,5,2024-07-26 18:32:49
52,137,5,2024-08-03 11:08:45
52,99,5,2024-08-26 23:04:06
52,170,4,2024-09-02 07:49:29
52,166,3,2024-10-26 09:04:36
52,112,5,2024-12-11 17:44:36
52,60,5,2025-06-06 07:22:00
52,63,5,2025-06-28 07:39:20
52,108,2,2025-07-05 16:58:57
52,133,5,2025-08-03 12:33:57
52,65,3,2026-01-31 06:37:40
52,181,3,2026-03-14 15:31:40
52,45,5,2026-05-10 06:01:03
52,188,4,2026-05-12 05:02:27
52,143,5,2026-06-04 13:20:54
53,85,5,2023-09-15 23:52:06
53,131,4,2023-10-05 07:25:19
53,97,5,2024-01-13 20:31:43
53,197,5,2024-03-18 01:55:10
53,45,3,2024-05-19 19:03:41
53,71,3,2024-05-25 09:51:40
53,65,4,2024-06-22 21:50:51
53,155,5,2024-09-26 17:55:18
53,120,3,2024-10-27 19:09:31
53,130,4,2024-12-02 18:53:05
53,20,3,2025-01-12 03:06:44
53,33,3,2025-03-08 18:11:43
53,64,5,2025-05-11 18:45:18
53,121,2,2025-06-06 04:58:40
53,30,4,2025-07-22 13:28:23
53,146,5,2025-08-03 17:15:01
53,147,4,2025-08-12 20:18:21
53,57,3,2025-09-12 23:32:52
53,152,4,2025-10-22 18:50:14
53,191,3,2026-03-12 11:07:15
53,114,4,2026-06-01 17:20:30
54,79,4,2021-06-26 03:32:52
54,86,4,2021-08-03 13:55:20
54,140,4,2021-12-28 23:57:48
54,123,4,2022-01-28 16:34:59
54,157,4,2022-04-21 18:07:38
54,64,4,2022-09-16 12:34:35
54,186,4,2022-09-22 14:35:56
54,16,4,2022-11-08 22:45:14
54,44,5,2023-02-10 22:15:41
54,154,5,2023-03-03 05:05:55
54,189,1,2023-04-24 15:44:17
54,146,5,2023-06-11 18:08:37
54,130,4,2023-08-01 17:35:22
54,2,3,2023-11-06 10:09:34
54,41,3,2023-11-27 01:54:27
54,190,4,2024-01-09 07:10:15
54,84,3,2024-01-12 11:59:21
54,50,2,2024-02-04 07:21:01
54,182,3,2024-02-27 09:34:51
54,71,2,2024-03-31 19:06:59
54,91,4,2024-04-09 11:29:08
54,160,5,2024-04-19 15:19:14
54,7,5,2024-09-09 12:13:43
54,63,2,2024-10-21 18:32:22
54,132,3,2024-11-20 20:17:45
54,59,4,2025-01-13 18:01:32
54,149,2,2025-01-15 10:48:03
54,114,5,2025-02-16 07:42:38
54,108,4,2025-03-05 08:20:48
54,177,4,2025-04-14 20:57:15
54,125,5,2025-04-21 22:52:29
54,173,4,2025-06-26 16:13:19
54,197,4,2025-07-05 04:16:33
54,65,3,2025-08-09 17:11:14
54,176,3,2025-08-12 15:40:30
54,30,3,2025-09-17 07:00:57
54,111,3,2025-09-28 06:27:54
54,166,2,2025-10-17 10:11:59
54,15,4,2025-11-16 11:42:01
54,67,5,2025-11-25 08:51:27
54,200,4,2025-12-17 19:38:17
54,57,3,2026-01-11 02:29:27
54,106,3,2026-01-14 20:30:53
54,191,3,2026-02-27 20:32:53
54,117,3,2026-03-03 19:54:43
54,99,3,2026-04-25 19:14:10
54,62,3,2026-05-02 06:46:10
54,136,3,2026-05-14 08:02:17
54,75,4,2026-06-21 21:17:55
54,164,3,2026-06-27 21:24:56
55,95,3,2023-06-28 09:58:42
55,41,4,2023-07-08 11:57:52
55,52,4,2023-08-26 07:10:52
55,177,4,2023-11-05 18:12:45
55,160,5,2024-02-06 04:49:26
55,121,2,2024-05-01 02:19:13
55,113,5,2024-07-12 17:12:42
55,107,4,2024-09-17 03:46:25
55,128,5,2025-02-02 00:05:53
55,67,4,2025-03-15 22:34:20
55,81,4,2025-03-17 04:50:52
55,19,3,2025-04-11 16:10:07
55,189,3,2025-06-13 05:19:25
55,92,4,2025-06-19 03:04:40
55,180,3,2025-06-25 19:04:01
55,114,5,2025-07-30 19:10:26
55,193,4,2025-08-26 08:06:00
55,64,3,2025-12-01 00:32:56
55,75,4,2026-01-19 09:04:30
55,150,3,2026-01-28 14:01:05
55,101,3,2026-01-29 01:21:31
55,170,3,2026-06-28 11:29:55
56,118,5,2025-03-21 04:49:23
56,48,3,2025-04-02 15:02:04
56,86,3,2025-04-19 18:11:17
56,100,5,2025-06-11 20:45:29
56,114,3,2025-06-13 14:55:45
56,140,4,2025-07-12 12:06:00
56,99,5,2025-07-19 17:03:51
56,46,4,2025-10-02 22:28:32
56,64,3,2025-11-10 18:42:43
56,181,5,2025-12-14 19:42:24
56,186,3,2025-12-18 13:09:52
56,97,3,2026-02-13 00:33:31
56,34,3,2026-02-18 04:20:58
56,25,4,2026-02-22 01:09:04
56,190,3,2026-03-22 07:35:43
56,58,3,2026-03-30 03:46:09
56,143,1,2026-04-09 23:47:26
56,106,5,2026-05-02 20:52:18
56,144,4,2026-05-06 07:47:27
56,178,3,2026-05-16 18:08:19
56,112,2,2026-05-28 18:45:11
56,26,3,2026-06-09 14:50:48
57,34,5,2024-05-12 16:16:23
57,143,5,2024-05-13 08:42:49
57,189,2,2024-05-22 18:17:52
57,44,4,2024-05-23 04:53:59
57,182,4,2024-06-04 03:28:15
57,20,4,2024-06-16 02:58:53
57,134,3,2024-07-14 16:05:42
57,35,5,2024-07-21 02:35:28
57,99,3,2024-07-22 22:18:46
57,136,3,2024-08-31 23:10:02
57,137,5,2024-09-15 21:18:53
57,184,4,2024-10-06 19:55:09
57,6,5,2024-11-08 16:02:52
57,113,5,2024-11-21 04:19:11
57,69,4,2024-11-22 22:07:03
57,67,5,2024-12-08 22:25:27
57,130,5,2024-12-19 07:51:41
57,123,4,2024-12-19 21:27:36
57,157,5,2025-01-16 02:51:34
57,122,5,2025-01-16 16:25:25
57,162,3,2025-03-01 16:51:00
57,45,5,2025-05-06 08:50:58
57,22,4,2025-05-17 21:24:38
57,19,4,2025-06-21 07:30:25
57,125,4,2025-07-05 03:52:15
57,64,5,2025-07-05 15:17:18
57,42,3,2025-08-09 22:11:17
57,73,5,2025-10-13 22:58:51
57,86,4,2026-03-09 14:06:19
57,170,3,2026-03-22 10:07:07
57,85,5,2026-05-04 22:19:24
57,30,2,2026-05-26 22:26:53
57,161,4,2026-05-29 08:54:02
58,57,4,2021-10-24 22:46:53
58,7,4,2021-12-03 15:41:42
58,143,1,2021-12-08 15:01:20
58,152,4,2022-02-20 21:34:48
58,33,3,2022-03-31 11:01:06
58,177,4,2022-05-02 04:32:58
58,45,2,2022-05-21 12:45:09
58,120,3,2022-06-14 00:06:58
58,123,4,2022-06-15 18:57:54
58,178,5,2022-08-05 22:13:14
58,82,4,2023-01-31 15:46:38
58,198,3,2023-02-10 04:56:02
58,97,5,2023-08-29 03:10:43
58,48,4,2023-09-26 02:35:31
58,133,4,2023-11-11 17:46:27
58,75,4,2024-01-30 00:08:30
58,119,4,2024-05-01 06:39:49
58,118,2,2024-07-12 07:01:27
58,194,1,2024-09-04 15:13:40
58,6,3,2024-09-11 17:33:07
58,64,4,2025-07-10 02:20:29
58,87,2,2025-07-31 20:35:44
58,182,4,2025-08-22 19:37:16
58,111,5,2025-12-02 22:19:43
58,63,4,2025-12-30 14:47:17
58,109,4,2026-02-12 09:14:34
58,161,2,2026-02-13 10:06:52
58,86,4,2026-04-19 21:44:58
59,114,5,2025-04-27 13:36:21
59,127,2,2025-05-02 17:53:43
59,7,5,2025-05-17 07:32:34
59,154,5,2025-05-17 08:46:12
59,160,4,2025-05-19 15:11:28
59,157,4,2025-05-21 14:00:09
59,46,5,2025-05-28 14:29:43
59,191,3,2025-06-10 09:25:57
59,63,2,2025-06-12 22:42:58
59,110,3,2025-06-17 21:48:22
59,60,1,2025-06-22 11:00:03
59,36,2,2025-07-05 14:10:08
59,149,3,2025-08-02 22:58:57
59,33,2,2025-08-07 23:49:52
59,103,4,2025-08-18 04:13:03
59,41,3,2025-08-20 15:47:02
59,158,2,2025-08-22 20:29:52
59,47,4,2025-09-02 17:41:07
59,61,3,2025-09-04 12:55:41
59,54,3,2025-09-22 07:11:34
59,182,4,2025-09-24 21:17:54
59,115,4,2025-09-29 04:25:26
59,197,3,2025-10-17 01:07:10
59,148,4,2025-10-26 23:39:03
59,177,3,2025-10-28 04:00:56
59,166,2,2025-10-28 09:04:53
59,113,4,2025-11-21 09:30:58
59,134,3,2025-11-26 11:59:37
59,43,3,2025-12-26 23:37:24
59,14,2,2025-12-29 20:53:46
59,192,5,2025-12-30 09:33:45
59,44,5,2026-01-02 06:56:06
59,73,3,2026-01-04 09:01:03
59,120,4,2026-01-09 23:48:32
59,64,3,2026-01-14 13:37:57
59,69,3,2026-01-31 16:18:31
59,119,3,2026-02-19 04:51:58
59,6,3,2026-02-22 12:24:19
59,20,4,2026-03-03 03:39:58
59,167,4,2026-03-04 17:37:07
59,168,4,2026-03-23 12:07:05
59,143,2,2026-03-31 15:08:39
59,88,4,2026-04-01 11:58:54
59,176,2,2026-04-08 04:08:28
59,183,3,2026-04-23 02:55:04
59,181,3,2026-04-25 04:11:25
59,75,3,2026-04-30 17:17:00
59,58,2,2026-04-30 20:27:51
59,123,4,2026-05-01 04:41:25
59,133,2,2026-05-11 19:40:00
59,101,4,2026-05-17 08:21:04
59,140,3,2026-06-24 00:08:22
59,146,5,2026-06-28 22:35:00
60,106,5,2025-04-26 06:32:13
60,159,4,2025-05-17 11:32:27
60,2,3,2025-05-28 12:35:36
60,178,4,2025-06-04 04:28:54
60,130,2,2025-06-14 01:55:48
60,112,3,2025-07-18 23:23:19
60,34,2,2025-07-19 09:13:19
60,194,2,2025-07-20 13:38:57
60,41,2,2025-07-22 02:19:30
60,149,3,2025-07-26 04:29:28
60,56,3,2025-08-15 14:53:39
60,158,3,2025-08-18 01:39:15
60,177,3,2025-08-30 01:27:55
60,99,5,2025-09-03 12:51:22
60,183,5,2025-09-28 09:36:01
60,144,4,2025-10-09 09:47:22
60,170,5,2025-10-15 15:54:28
60,97,3,2025-10-25 09:00:18
60,103,4,2025-10-31 17:33:16
60,25,4,2025-11-05 04:29:36
60,179,5,2025-11-07 02:52:08
60,18,2,2025-11-09 20:22:08
60,46,5,2025-11-15 02:58:17
60,21,3,2025-11-27 09:28:36
60,74,3,2025-11-29 01:03:18
60,20,3,2025-12-04 19:09:08
60,64,2,2025-12-09 06:08:47
60,94,1,2026-01-06 11:50:16
60,63,3,2026-01-14 06:52:00
60,48,4,2026-01-24 15:48:03
60,114,4,2026-01-30 12:31:12
60,191,3,2026-02-01 03:16:05
60,182,4,2026-02-01 10:49:57
60,116,3,2026-02-07 05:35:42
60,146,4,2026-02-21 07:17:42
60,52,4,2026-03-01 13:29:14
60,137,5,2026-03-06 06:14:45
60,160,3,2026-03-12 09:27:01
60,101,5,2026-03-25 12:26:54
60,30,4,2026-03-27 13:56:30
60,107,5,2026-04-10 04:26:24
60,93,3,2026-04-13 03:09:38
60,118,4,2026-04-22 14:17:50
60,136,3,2026-04-23 16:17:56
60,60,3,2026-04-24 11:14:20
60,75,4,2026-05-03 21:39:55
60,123,4,2026-05-13 01:08:37
60,200,3,2026-06-06 09:51:00
60,57,4,2026-06-13 17:29:53
61,64,5,2021-10-20 01:33:39
61,177,5,2022-07-20 19:21:45
61,123,3,2022-08-06 00:54:08
61,122,4,2022-08-27 11:53:21
61,81,3,2022-09-12 19:51:13
61,67,5,2023-02-19 01:14:34
61,178,5,2023-04-16 02:04:21
61,45,5,2023-05-17 03:38:44
61,34,5,2023-09-13 10:40:00
61,33,3,2023-12-21 02:01:37
61,168,4,2024-01-24 03:31:00
61,143,3,2024-01-29 16:49:20
61,85,5,2024-03-19 19:59:46
61,65,3,2024-08-26 11:26:16
61,30,4,2024-09-20 20:32:32
61,176,3,2024-10-01 20:24:05
61,125,4,2024-10-22 11:16:22
61,16,5,2024-12-05 07:59:03
61,166,3,2024-12-12 20:59:07
61,169,5,2024-12-13 23:11:15
61,173,4,2025-02-01 06:55:24
61,198,4,2025-02-24 14:28:50
61,21,4,2025-03-10 16:27:57
61,91,3,2025-04-01 11:58:06
61,186,3,2025-04-06 21:04:02
61,114,3,2025-04-12 07:45:21
61,197,5,2025-05-17 21:29:23
61,147,4,2025-06-02 12:25:17
61,183,4,2025-10-01 08:44:31
61,63,4,2026-03-06 15:16:39
61,60,3,2026-04-29 05:57:49
61,150,3,2026-06-26 12:49:46
62,108,3,2024-08-30 19:58:24
62,111,3,2024-10-16 22:24:08
62,166,3,2024-11-29 04:00:24
62,50,3,2024-12-17 19:29:44
62,141,5,2025-01-31 18:10:12
62,124,3,2025-02-09 20:40:54
62,34,3,2025-02-16 10:45:09
62,26,4,2025-02-17 17:11:33
62,72,4,2025-04-01 17:51:02
62,147,4,2025-04-29 19:19:07
62,181,3,2025-05-14 21:44:03
62,45,4,2025-05-27 11:42:37
62,56,4,2025-06-09 02:53:04
62,60,2,2025-06-19 20:24:11
62,57,1,2025-09-25 19:31:20
62,122,3,2025-10-01 05:41:44
62,130,4,2025-10-08 22:19:20
62,17,3,2025-11-12 07:07:24
62,188,5,2025-12-03 21:05:11
62,49,5,2025-12-14 21:26:59
62,53,3,2025-12-26 20:57:44
62,87,2,2026-01-02 09:41:16
62,74,3,2026-01-09 06:17:32
62,120,3,2026-02-08 05:05:33
62,13,3,2026-02-10 12:51:02
62,106,4,2026-02-20 16:00:22
62,162,4,2026-02-23 03:00:37
62,140,4,2026-03-19 06:25:52
62,189,3,2026-04-17 11:15:56
62,6,3,2026-05-05 17:40:04
62,64,3,2026-05-27 17:47:01
62,32,4,2026-06-18 10:30:57
62,114,3,2026-06-19 22:13:29
63,110,4,2023-01-08 16:14:48
63,30,5,2023-01-10 07:30:02
63,136,3,2023-01-17 20:54:59
63,111,5,2023-01-18 21:53:34
63,200,5,2023-02-07 11:59:38
63,177,4,2023-05-11 01:50:59
63,160,3,2023-06-21 00:31:42
63,33,4,2023-08-17 16:39:11
63,113,4,2023-09-10 21:23:20
63,127,5,2023-10-06 20:35:35
63,97,4,2023-10-08 22:01:59
63,154,3,2023-11-04 14:31:44
63,189,4,2024-02-15 12:22:46
63,180,4,2024-04-05 17:22:33
63,159,5,2024-04-07 06:14:32
63,42,3,2024-04-24 02:21:02
63,48,3,2024-07-03 08:45:01
63,144,4,2024-09-22 16:33:33
63,153,4,2024-12-21 01:05:57
63,188,4,2025-02-02 09:51:17
63,63,5,2025-08-17 13:53:24
63,171,5,2025-10-11 12:04:02
63,143,2,2025-10-31 01:29:46
63,166,5,2025-12-20 12:58:50
63,125,4,2026-02-07 14:59:28
63,62,4,2026-02-26 17:36:18
63,149,2,2026-03-07 08:49:15
63,86,4,2026-03-16 08:33:18
63,43,3,2026-05-01 07:28:28
63,87,4,2026-06-17 21:52:32
63,178,5,2026-06-28 14:52:03
64,158,4,2023-10-16 12:09:31
64,188,5,2023-11-29 19:57:49
64,147,4,2024-01-10 06:21:04
64,115,5,2024-02-11 18:49:01
64,140,5,2024-02-22 17:29:15
64,191,4,2024-07-31 22:42:58
64,76,5,2024-08-02 14:20:18
64,45,5,2024-09-13 00:19:30
64,126,3,2024-10-11 00:18:33
64,179,4,2024-11-18 15:23:26
64,7,5,2024-11-25 00:09:58
64,41,3,2025-03-29 10:04:23
64,114,5,2025-07-02 18:45:41
64,86,4,2025-08-29 19:48:54
64,110,5,2025-11-29 15:50:06
64,168,5,2026-02-22 17:59:37
64,15,4,2026-03-20 19:52:06
64,136,4,2026-05-24 08:51:24
64,121,3,2026-06-19 16:31:24
64,75,3,2026-06-24 18:37:40
65,97,2,2023-01-29 17:58:20
65,151,3,2023-02-16 16:24:05
65,147,4,2023-03-31 20:07:16
65,158,4,2023-04-14 11:38:00
65,30,4,2023-05-13 14:19:43
65,64,2,2023-06-03 01:52:53
65,107,3,2023-08-08 03:49:30
65,7,4,2023-12-19 20:01:59
65,47,5,2024-01-04 05:46:05
65,88,4,2024-02-29 06:26:42
65,94,4,2024-02-29 09:06:28
65,153,5,2024-07-14 16:21:23
65,37,4,2024-08-17 23:43:05
65,109,3,2024-10-23 17:34:40
65,143,4,2024-10-31 03:30:25
65,137,4,2024-12-09 02:37:00
65,115,4,2025-02-20 14:03:44
65,41,5,2025-03-12 23:30:59
65,45,5,2025-06-19 14:01:15
65,50,4,2025-07-01 16:10:08
65,106,3,2025-07-06 18:32:46
65,166,5,2025-11-12 07:49:25
65,159,4,2025-12-10 13:04:15
65,124,4,2025-12-14 11:41:44
65,19,4,2026-02-08 03:01:08
65,189,5,2026-02-19 09:37:59
65,77,5,2026-04-27 23:53:40
65,98,5,2026-06-05 08:37:43
65,67,3,2026-06-22 08:32:45
66,119,4,2024-07-26 18:47:13
66,141,5,2024-08-15 17:05:10
66,75,4,2024-08-31 18:57:10
66,149,4,2024-09-08 14:05:26
66,177,4,2024-10-07 21:09:48
66,45,5,2024-12-16 17:15:27
66,137,5,2025-01-02 08:25:24
66,120,3,2025-05-06 03:33:09
66,41,3,2025-07-13 22:29:42
66,23,5,2025-07-20 22:25:28
66,40,3,2025-07-24 20:49:04
66,37,4,2025-08-17 18:59:12
66,6,4,2025-11-06 21:04:18
66,189,2,2025-11-13 10:09:21
66,50,5,2025-11-24 00:43:15
66,76,5,2025-11-28 13:57:57
66,188,5,2026-01-08 03:48:24
66,80,2,2026-01-11 19:33:11
66,33,2,2026-02-22 01:51:33
66,140,5,2026-03-21 05:56:34
66,163,4,2026-04-20 21:44:07
66,99,3,2026-04-22 05:57:08
66,62,4,2026-05-01 09:03:30
66,136,3,2026-06-08 04:47:48
67,37,3,2025-08-02 09:00:05
67,7,5,2025-08-17 05:19:03
67,191,3,2025-08-30 19:55:34
67,105,3,2025-09-02 15:52:47
67,196,2,2025-09-15 18:21:55
67,67,5,2025-10-02 12:34:26
67,64,4,2025-11-01 19:57:00
67,152,3,2025-11-06 02:55:40
67,148,4,2025-11-07 19:57:35
67,99,3,2025-11-18 21:47:20
67,178,4,2025-11-25 07:57:43
67,41,2,2025-12-13 06:42:36
67,44,5,2025-12-15 01:45:04
67,103,4,2025-12-20 19:00:36
67,94,2,2025-12-26 10:46:57
67,114,5,2026-01-08 06:19:06
67,197,5,2026-01-18 14:29:48
67,136,3,2026-01-28 11:52:12
67,3,3,2026-02-22 13:15:42
67,47,4,2026-03-01 15:19:51
67,33,3,2026-05-03 04:48:30
67,12,2,2026-05-08 17:21:26
67,157,4,2026-05-29 05:44:35
68,99,4,2024-07-30 19:59:02
68,43,5,2024-08-05 14:48:45
68,45,3,2024-08-10 18:07:42
68,62,4,2024-08-18 09:55:51
68,115,5,2024-10-04 18:02:55
68,192,3,2024-10-16 07:46:44
68,182,3,2024-12-01 02:34:09
68,188,5,2025-01-03 10:20:34
68,190,4,2025-01-10 07:02:19
68,57,3,2025-01-27 08:36:50
68,173,5,2025-02-20 22:19:16
68,92,4,2025-02-22 13:08:36
68,186,3,2025-05-15 02:37:15
68,60,4,2025-05-27 18:13:26
68,134,3,2025-06-08 10:31:16
68,41,3,2025-07-02 16:10:23
68,18,5,2025-07-17 06:11:48
68,136,4,2025-08-14 17:12:34
68,147,4,2025-09-16 19:06:22
68,113,3,2025-10-13 18:14:27
68,196,3,2025-10-18 23:16:34
68,127,4,2025-10-22 06:08:50
68,139,4,2025-10-26 22:21:18
68,181,3,2025-10-28 00:59:50
68,64,5,2025-11-20 00:20:38
68,200,5,2025-12-12 02:25:31
68,28,5,2026-01-27 13:38:34
68,53,4,2026-03-11 16:59:14
68,96,4,2026-03-19 00:36:53
68,111,4,2026-04-13 09:22:27
68,135,2,2026-04-28 21:46:13
68,107,4,2026-05-01 10:47:41
68,30,4,2026-05-25 06:55:41
68,157,5,2026-06-06 03:14:39
68,63,5,2026-06-11 22:35:47
68,102,5,2026-06-28 10:47:47
69,165,3,2025-03-12 02:54:16
69,178,5,2025-04-01 05:20:05
69,173,5,2025-04-17 07:57:04
69,18,5,2025-06-16 03:18:03
69,88,4,2025-06-22 00:22:45
69,166,3,2025-06-28 09:16:32
69,140,3,2025-07-03 18:35:06
69,157,5,2025-07-11 01:10:06
69,121,3,2025-09-12 10:03:09
69,132,4,2025-10-13 07:18:05
69,74,5,2025-11-06 16:29:59
69,60,3,2025-11-07 22:37:43
69,154,4,2025-11-09 15:18:13
69,109,5,2025-12-10 04:35:22
69,97,5,2026-01-10 20:23:39
69,34,5,2026-01-29 12:30:10
69,26,4,2026-02-07 23:09:18
69,54,5,2026-02-08 22:18:42
69,64,5,2026-02-24 02:59:09
69,45,4,2026-03-01 12:46:44
69,160,5,2026-04-21 14:33:53
69,144,4,2026-05-06 13:43:44
69,41,4,2026-05-22 09:26:18
70,81,4,2025-04-30 00:10:07
70,114,4,2025-06-14 10:04:28
70,71,4,2025-06-22 21:07:57
70,79,2,2025-06-30 13:20:45
70,44,4,2025-07-24 23:14:34
70,48,4,2025-08-07 04:50:29
70,178,3,2025-08-30 03:58:32
70,52,3,2025-09-09 09:12:04
70,4,3,2025-10-02 01:11:58
70,33,3,2025-10-10 13:09:53
70,140,2,2025-10-11 07:47:16
70,123,4,2025-10-30 03:10:32
70,92,4,2025-11-01 10:15:46
70,127,4,2025-11-02 00:42:31
70,191,3,2026-01-01 09:04:57
70,152,3,2026-01-03 03:45:45
70,143,1,2026-01-12 23:09:26
70,121,3,2026-01-16 07:35:30
70,189,3,2026-02-04 17:10:07
70,68,4,2026-03-09 05:02:34
70,62,4,2026-05-21 22:42:13
70,45,2,2026-06-20 15:13:00
70,99,3,2026-06-25 11:33:03
71,143,2,2021-07-31 23:04:26
71,136,4,2021-10-01 02:11:27
71,41,3,2021-11-18 15:06:03
71,34,4,2022-01-04 19:40:14
71,194,3,2022-02-14 04:38:01
71,45,3,2022-02-17 12:10:25
71,64,4,2022-02-23 02:55:15
71,189,3,2022-04-30 22:22:06
71,155,5,2022-08-04 11:01:13
71,134,4,2022-10-19 08:25:19
71,191,3,2022-11-20 14:44:08
71,123,4,2022-11-30 02:09:45
71,150,2,2022-12-08 21:27:22
71,91,3,2022-12-21 05:10:11
71,177,4,2023-01-05 08:57:09
71,160,4,2023-07-11 11:44:41
71,114,4,2023-09-12 06:24:07
71,146,5,2023-10-06 05:51:28
71,115,4,2024-01-05 17:19:33
71,133,3,2024-04-26 20:41:16
71,157,4,2024-05-01 05:48:01
71,101,2,2024-06-29 08:24:57
71,159,3,2024-07-21 12:27:02
71,198,4,2024-08-31 04:27:00
71,47,4,2024-09-27 20:08:54
71,59,4,2024-12-03 21:41:43
71,181,2,2024-12-13 19:45:04
71,163,2,2025-03-12 07:19:47
71,147,3,2025-03-24 23:57:00
71,57,2,2025-07-05 20:43:13
71,86,4,2025-12-10 13:36:44
71,154,5,2026-02-07 23:23:48
71,125,4,2026-02-26 21:49:16
71,67,4,2026-05-22 17:44:44
72,10,3,2022-02-25 04:19:57
72,162,4,2022-03-17 18:20:51
72,134,4,2022-04-06 22:30:16
72,156,2,2022-05-09 22:55:11
72,168,3,2022-05-15 02:23:59
72,62,3,2022-07-30 08:23:47
72,200,3,2022-08-03 19:43:40
72,81,2,2022-10-12 07:45:37
72,75,3,2022-10-14 11:19:58
72,197,2,2022-12-25 19:16:14
72,108,2,2023-04-25 10:35:08
72,166,3,2023-07-31 12:10:36
72,60,2,2023-08-09 01:50:04
72,132,3,2024-03-07 17:56:02
72,104,2,2024-03-07 20:48:31
72,34,3,2024-04-18 17:12:44
72,64,2,2024-05-03 07:44:14
72,26,4,2024-07-28 02:22:28
72,93,2,2024-09-06 20:53:29
72,161,2,2024-10-01 04:16:52
72,41,4,2024-11-21 10:58:25
72,193,2,2024-11-27 20:45:32
72,57,2,2024-11-29 11:20:05
72,61,3,2024-12-26 17:05:29
72,157,3,2024-12-28 16:17:13
72,181,3,2025-03-02 16:58:33
72,158,2,2025-03-26 10:33:26
72,45,2,2025-05-05 00:05:52
72,189,5,2025-06-24 13:19:31
72,176,2,2025-07-12 09:01:21
72,131,5,2025-07-14 16:02:54
72,117,3,2025-12-12 05:38:06
72,180,5,2026-03-14 12:02:23
73,53,4,2024-04-19 23:42:16
73,159,5,2024-06-24 14:30:20
73,121,4,2024-07-05 20:22:56
73,58,4,2024-08-03 02:28:35
73,68,5,2024-08-09 17:07:55
73,93,3,2024-08-19 03:17:20
73,177,5,2024-08-25 17:27:17
73,191,4,2024-10-14 22:35:36
73,12,3,2024-11-03 18:29:55
73,45,3,2024-12-13 09:45:43
73,98,2,2024-12-17 14:57:29
73,21,4,2025-01-22 14:53:17
73,139,5,2025-02-19 15:45:36
73,60,5,2025-07-08 04:56:47
73,154,4,2025-08-16 22:25:56
73,180,4,2025-09-15 22:02:31
73,64,4,2025-10-11 08:13:26
73,41,4,2025-10-16 10:25:19
73,65,4,2025-12-27 05:25:35
73,140,5,2026-01-16 16:23:35
73,114,4,2026-03-12 11:34:02
73,189,4,2026-03-23 08:52:21
73,142,5,2026-03-25 11:15:52
73,178,5,2026-04-10 03:21:15
73,16,4,2026-04-24 12:40:42
74,41,5,2023-10-28 20:46:23
74,140,4,2023-11-14 21:59:42
74,174,3,2023-12-06 16:29:40
74,185,4,2024-02-29 02:40:56
74,106,5,2024-03-26 08:14:42
74,166,5,2024-12-30 15:37:15
74,58,5,2025-03-21 07:40:43
74,67,4,2025-03-26 17:43:48
74,130,5,2025-04-12 19:13:43
74,131,5,2025-05-07 20:10:10
74,178,5,2025-06-15 00:13:53
74,60,4,2025-06-15 19:12:34
74,75,5,2025-10-05 13:39:21
74,50,5,2026-04-12 06:49:32
74,149,4,2026-05-08 00:36:04
74,150,4,2026-06-21 21:24:02
75,48,5,2021-10-17 17:43:30
75,127,4,2021-10-26 12:09:56
75,99,4,2022-02-27 07:56:47
75,168,4,2022-04-20 16:04:37
75,68,5,2022-06-13 06:39:08
75,186,5,2022-08-07 13:26:30
75,158,4,2023-04-04 22:37:51
75,126,5,2023-04-10 16:17:10
75,92,4,2023-05-02 01:32:15
75,125,5,2023-06-20 12:12:49
75,113,5,2023-06-20 14:55:41
75,111,4,2023-07-24 15:57:29
75,45,1,2023-08-05 01:23:38
75,43,3,2023-08-12 13:39:05
75,107,5,2023-10-08 16:43:47
75,71,5,2024-02-04 13:16:38
75,177,4,2024-04-07 22:53:54
75,59,3,2024-05-31 15:10:27
75,154,5,2024-06-05 04:50:46
75,194,3,2024-11-09 11:46:33
75,79,3,2024-12-07 13:23:29
75,114,5,2025-01-16 16:02:35
75,178,5,2025-03-20 17:50:27
75,137,5,2025-05-15 12:33:50
75,64,3,2025-08-25 14:36:12
75,163,3,2025-12-02 13:12:20
75,116,5,2026-06-04 16:44:05
76,157,3,2021-08-09 22:40:51
76,199,1,2021-09-20 23:02:06
76,97,2,2022-01-26 17:30:05
76,87,2,2022-02-03 01:30:23
76,194,2,2022-04-12 03:03:03
76,197,2,2022-04-25 14:00:11
76,41,3,2023-02-27 02:27:56
76,34,3,2023-03-17 08:24:29
76,63,3,2023-03-27 13:07:09
76,136,4,2023-04-09 10:44:09
76,33,2,2023-05-12 21:30:26
76,138,2,2023-05-28 17:52:37
76,166,3,2023-07-07 10:57:09
76,67,2,2023-07-14 06:35:18
76,93,2,2023-11-22 07:23:42
76,150,2,2023-12-03 22:41:20
76,30,2,2024-02-21 22:22:55
76,20,2,2024-08-05 12:32:10
76,37,1,2024-12-04 03:36:58
76,139,2,2025-01-24 03:20:31
76,198,2,2025-03-15 14:14:50
76,189,2,2025-04-13 19:09:40
76,112,2,2025-05-22 06:23:34
76,178,3,2025-06-25 16:40:31
76,114,2,2025-07-18 21:34:50
76,88,2,2025-08-15 21:17:03
76,21,3,2025-10-10 09:53:24
76,3,1,2025-10-18 12:08:02
77,56,3,2023-05-19 23:38:58
77,194,3,2023-09-09 04:05:48
77,64,3,2023-09-14 00:35:43
77,154,5,2023-10-03 04:27:15
77,13,3,2023-10-12 00:48:11
77,137,4,2023-11-02 03:56:00
77,54,3,2023-11-27 23:47:26
77,132,4,2023-12-07 02:42:15
77,7,5,2023-12-29 04:16:18
77,136,5,2024-01-06 16:44:19
77,109,4,2024-01-23 15:03:40
77,118,3,2024-01-31 20:30:42
77,188,4,2024-04-12 21:56:19
77,162,5,2024-04-29 08:17:52
77,21,3,2024-06-12 11:46:03
77,86,4,2024-06-16 12:42:42
77,123,4,2024-07-27 02:48:31
77,177,4,2024-08-15 10:13:10
77,174,4,2024-10-12 11:30:28
77,176,4,2024-11-23 14:02:55
77,49,4,2024-12-20 08:31:30
77,34,3,2025-01-25 02:31:49
77,147,3,2025-01-29 06:15:21
77,135,4,2025-02-01 18:43:06
77,97,3,2025-03-03 15:34:35
77,166,4,2025-03-05 23:18:20
77,189,4,2025-04-08 17:53:02
77,119,3,2025-05-07 20:36:50
77,157,5,2025-05-26 02:35:55
77,37,3,2025-05-28 14:24:53
77,125,4,2025-06-12 03:53:23
77,42,3,2025-06-13 21:28:36
77,3,2,2025-06-17 21:13:47
77,18,3,2025-08-19 04:58:26
77,68,5,2025-08-28 09:55:24
77,101,4,2025-09-13 18:23:02
77,10,3,2025-09-28 06:57:31
77,191,2,2025-12-14 12:25:17
77,182,4,2026-02-12 06:45:22
77,33,3,2026-03-11 02:47:21
77,173,3,2026-03-30 16:27:28
77,48,4,2026-04-17 17:55:36
77,107,4,2026-05-18 17:32:28
77,99,3,2026-06-20 12:55:41
78,190,3,2023-11-02 04:30:35
78,182,3,2023-11-05 04:56:55
78,47,4,2023-11-14 00:26:54
78,163,4,2023-12-12 16:53:33
78,133,4,2023-12-22 16:49:10
78,192,4,2024-01-22 09:29:11
78,34,3,2024-02-01 15:10:24
78,56,3,2024-02-23 12:08:55
78,189,2,2024-03-30 09:19:36
78,78,3,2024-04-22 15:26:56
78,118,2,2024-04-30 16:24:18
78,119,2,2024-05-06 20:07:57
78,134,2,2024-05-16 09:31:32
78,143,1,2024-05-20 03:48:24
78,149,2,2024-05-29 23:47:15
78,151,1,2024-06-04 16:30:55
78,75,3,2024-06-11 21:01:51
78,72,3,2024-06-23 07:12:58
78,113,3,2024-08-03 19:57:49
78,191,4,2024-10-02 02:10:29
78,63,5,2024-10-20 00:52:43
78,4,4,2024-11-01 06:28:49
78,6,3,2024-11-13 10:22:24
78,195,4,2024-12-11 07:21:04
78,60,4,2024-12-30 13:56:10
78,142,5,2025-01-14 21:50:35
78,45,2,2025-02-06 07:33:25
78,2,3,2025-02-13 04:51:13
78,92,3,2025-02-28 18:23:49
78,42,2,2025-06-03 16:35:35
78,64,2,2025-06-06 20:40:29
78,18,2,2025-07-01 07:03:58
78,121,3,2025-07-25 17:13:17
78,150,3,2025-08-09 12:10:42
78,180,3,2025-08-12 04:37:36
78,62,4,2025-08-12 23:26:05
78,7,3,2025-10-11 09:07:13
78,136,3,2025-10-16 22:21:58
78,183,4,2025-11-16 11:10:26
78,107,4,2025-12-06 02:24:55
78,194,2,2025-12-06 09:23:05
78,127,5,2025-12-16 20:52:08
78,125,3,2026-01-28 20:50:32
78,166,3,2026-02-15 01:05:48
78,140,1,2026-02-19 20:45:48
78,57,2,2026-03-29 22:48:37
78,141,2,2026-04-06 12:04:51
78,86,3,2026-04-27 03:06:10
78,200,3,2026-06-24 16:25:31
79,68,3,2022-03-16 22:44:00
79,142,3,2022-03-29 21:45:27
79,144,2,2022-05-11 15:13:00
79,111,4,2022-05-23 03:21:57
79,64,4,2022-06-17 14:41:25
79,86,4,2022-08-24 17:48:01
79,184,4,2022-09-15 21:24:22
79,71,4,2022-11-08 20:22:43
79,34,5,2023-01-16 09:46:15
79,45,4,2023-03-19 02:37:22
79,105,3,2023-05-14 19:19:29
79,87,3,2023-07-02 21:09:14
79,65,3,2023-07-03 11:11:48
79,85,5,2023-08-28 17:12:00
79,92,3,2023-09-23 02:20:50
79,99,3,2023-10-10 14:40:45
79,198,3,2023-10-21 10:31:21
79,114,3,2023-12-01 17:30:00
79,29,4,2024-03-04 06:28:52
79,58,3,2024-03-25 16:15:37
79,97,4,2024-06-09 13:42:47
79,166,3,2024-09-09 10:38:41
79,177,4,2024-11-24 17:22:10
79,197,5,2025-02-07 17:47:05
79,190,3,2025-04-24 05:47:41
79,60,3,2025-06-10 12:02:13
79,67,4,2025-06-17 14:32:18
79,33,3,2025-08-19 20:19:13
79,118,1,2025-08-28 05:37:26
79,107,3,2025-09-07 07:59:43
79,15,4,2025-10-14 01:22:21
79,182,3,2026-06-16 01:18:50
80,189,3,2021-10-24 07:47:21
80,63,4,2021-10-28 16:22:25
80,125,4,2021-12-20 14:44:14
80,50,4,2022-01-08 02:10:03
80,16,3,2022-02-26 20:26:29
80,121,2,2022-05-12 09:47:00
80,163,4,2022-05-20 19:19:06
80,157,3,2022-09-18 06:13:31
80,106,5,2022-10-28 07:02:24
80,45,4,2023-03-08 10:27:57
80,33,3,2023-04-21 03:38:41
80,130,3,2023-05-24 07:33:27
80,197,3,2023-08-22 01:11:15
80,187,3,2023-10-08 09:18:44
80,62,4,2023-12-23 13:33:18
80,198,3,2024-01-26 12:13:36
80,200,4,2024-05-19 03:36:44
80,122,4,2024-08-28 02:06:21
80,65,2,2024-09-02 17:03:55
80,25,4,2024-09-08 21:40:22
80,166,3,2024-09-15 16:37:21
80,177,4,2024-10-21 11:26:11
80,183,5,2024-11-11 19:25:19
80,131,3,2024-11-16 04:17:38
80,32,4,2025-02-11 15:15:46
80,75,3,2025-02-15 21:23:09
80,52,4,2025-07-12 22:52:47
80,153,4,2025-08-30 07:55:06
80,64,3,2025-11-20 04:25:36
80,31,4,2026-02-11 22:56:24
80,34,3,2026-05-07 15:52:10
80,191,3,2026-06-19 03:37:35
81,44,4,2021-09-03 01:15:05
81,107,3,2022-01-07 01:23:49
81,126,4,2022-05-01 06:09:48
81,130,4,2022-05-30 08:29:27
81,177,4,2022-09-30 21:42:34
81,64,2,2022-10-28 06:37:04
81,46,5,2023-05-28 20:05:22
81,199,4,2023-06-24 04:32:38
81,50,4,2023-08-26 21:25:45
81,160,3,2023-09-19 03:46:10
81,123,5,2023-10-03 09:50:58
81,3,4,2023-11-03 01:58:45
81,71,5,2024-02-02 23:43:58
81,185,5,2024-02-25 22:37:51
81,45,4,2024-02-28 19:03:58
81,125,4,2024-04-02 07:32:28
81,105,3,2024-04-19 09:55:12
81,145,1,2024-05-31 12:29:18
81,37,3,2024-07-09 09:13:11
81,182,4,2024-08-05 05:42:40
81,178,4,2024-08-18 14:33:39
81,113,5,2024-09-11 18:05:41
81,143,2,2024-09-24 15:59:41
81,94,3,2024-10-07 10:25:40
81,12,4,2024-10-07 16:03:47
81,119,5,2024-10-30 14:39:45
81,57,4,2024-11-16 01:06:47
81,189,2,2024-12-05 23:38:59
81,186,4,2025-01-31 06:03:57
81,33,4,2025-04-03 07:40:13
81,151,3,2025-04-21 20:15:37
81,87,2,2025-07-20 09:06:02
81,58,3,2025-09-04 05:53:04
81,149,3,2025-09-30 13:37:29
81,86,3,2025-10-21 07:51:18
81,41,3,2026-01-10 17:25:38
81,159,4,2026-01-21 22:52:56
81,191,3,2026-03-24 07:08:33
81,157,2,2026-05-24 20:35:48
81,48,5,2026-06-16 08:34:30
82,191,2,2023-11-16 03:38:51
82,125,4,2023-11-22 06:48:29
82,42,4,2023-11-28 20:27:05
82,178,5,2023-12-10 02:29:10
82,130,4,2024-01-02 15:53:09
82,137,3,2024-02-02 06:12:48
82,150,4,2024-02-26 13:59:46
82,90,3,2024-04-06 06:44:28
82,194,3,2024-05-02 02:08:52
82,181,3,2024-06-22 14:52:10
82,145,3,2024-08-07 05:33:04
82,97,4,2024-08-10 06:49:53
82,189,5,2024-08-21 07:45:09
82,50,1,2024-10-17 20:27:38
82,159,4,2024-11-03 00:31:08
82,6,3,2024-11-09 15:43:57
82,198,3,2024-11-16 05:54:55
82,86,4,2024-12-23 18:14:52
82,81,3,2024-12-28 20:38:05
82,33,3,2025-01-13 00:02:32
82,44,2,2025-01-15 04:47:21
82,64,4,2025-01-15 14:51:05
82,40,3,2025-02-02 07:44:43
82,87,4,2025-03-23 03:19:39
82,103,3,2025-04-22 09:29:18
82,102,3,2025-05-06 05:37:21
82,143,1,2025-05-06 19:19:10
82,52,3,2025-09-01 01:46:32
82,110,4,2025-09-28 21:32:01
82,68,3,2025-10-15 13:26:45
82,107,3,2025-12-25 16:37:44
82,163,3,2025-12-29 22:19:02
82,136,4,2026-01-31 23:15:37
82,140,4,2026-02-17 02:18:26
82,15,4,2026-03-08 02:45:55
82,91,3,2026-03-10 02:29:34
82,54,3,2026-03-24 23:47:34
82,106,4,2026-03-28 03:46:25
83,188,4,2021-02-27 17:22:58
83,200,4,2021-05-08 23:32:52
83,125,3,2022-03-01 17:27:55
83,137,4,2022-04-11 03:41:57
83,73,4,2022-10-27 03:03:14
83,86,2,2022-11-27 03:51:18
83,63,3,2023-04-20 11:51:56
83,154,3,2023-06-21 02:58:55
83,64,2,2023-08-22 20:22:20
83,119,4,2023-10-02 06:33:15
83,140,5,2024-06-20 10:15:27
83,143,2,2024-10-25 02:15:51
83,115,4,2024-11-21 10:33:33
83,12,4,2025-02-20 05:55:59
83,45,3,2025-03-13 15:59:16
83,113,3,2025-03-26 12:47:55
83,82,3,2025-05-03 14:52:48
83,183,4,2025-05-10 00:21:52
83,44,3,2025-06-12 04:05:03
83,124,3,2025-08-01 18:01:27
83,160,3,2025-09-07 18:25:18
83,48,4,2025-11-28 14:00:55
83,97,2,2025-12-13 21:40:30
83,96,4,2025-12-23 02:42:13
83,182,3,2026-03-17 21:40:41
83,75,3,2026-05-18 07:50:01
84,140,4,2024-04-08 16:55:38
84,170,4,2024-04-20 14:54:21
84,99,5,2024-06-04 01:49:36
84,143,2,2024-08-23 15:45:45
84,44,3,2024-08-27 04:24:58
84,193,5,2024-09-04 01:39:31
84,8,4,2024-09-05 19:33:32
84,130,4,2024-09-18 05:43:17
84,177,3,2024-10-14 14:55:10
84,189,2,2024-11-18 00:35:58
84,198,3,2024-12-19 09:59:13
84,60,3,2025-02-04 13:53:04
84,101,3,2025-03-15 03:26:18
84,62,3,2025-08-03 18:12:26
84,166,3,2025-08-15 12:01:12
84,64,2,2025-08-26 04:59:29
84,190,2,2025-09-14 16:49:05
84,197,3,2025-09-16 02:47:37
84,186,4,2025-10-09 15:29:58
84,48,3,2025-11-15 02:05:27
84,113,3,2025-11-24 15:06:04
84,51,5,2025-12-20 13:19:37
84,41,4,2026-03-09 04:30:35
84,182,3,2026-05-13 08:12:25
85,200,4,2023-03-21 14:02:12
85,177,4,2023-05-09 04:44:49
85,162,4,2023-11-17 16:57:17
85,189,4,2023-11-20 05:29:33
85,109,4,2024-01-21 16:43:04
85,74,3,2024-01-31 21:49:05
85,34,4,2024-02-11 12:48:54
85,134,4,2024-03-19 19:53:40
85,124,4,2024-04-02 22:42:23
85,75,3,2024-06-06 00:57:18
85,179,5,2024-06-25 02:04:39
85,182,3,2024-06-28 22:44:55
85,129,4,2024-08-12 00:25:45
85,17,5,2024-09-26 05:37:02
85,139,5,2024-10-02 07:20:11
85,178,5,2024-10-20 09:35:26
85,191,5,2024-12-21 19:16:11
85,99,5,2025-01-19 01:53:55
85,98,4,2025-02-06 10:48:39
85,192,4,2025-02-21 15:19:14
85,103,4,2025-04-16 02:15:58
85,190,4,2025-06-07 07:37:22
85,180,5,2025-06-24 00:44:34
85,111,5,2025-07-24 14:11:48
85,154,3,2025-09-19 19:16:44
85,166,4,2025-12-25 04:18:53
85,65,4,2026-01-07 18:25:31
85,45,4,2026-01-15 16:28:10
85,41,4,2026-03-01 14:37:52
85,20,1,2026-04-17 20:24:45
85,56,4,2026-05-09 00:07:11
85,80,4,2026-05-22 21:41:57
85,146,5,2026-05-29 17:32:15
86,100,4,2023-02-08 01:18:46
86,62,3,2023-02-10 08:04:38
86,160,3,2023-02-17 01:52:40
86,45,4,2023-02-22 19:40:28
86,173,2,2023-02-23 19:18:41
86,190,2,2023-04-16 06:13:38
86,114,3,2023-04-29 01:33:46
86,105,3,2023-10-07 14:34:22
86,64,3,2023-10-13 07:29:59
86,189,4,2023-11-03 02:45:30
86,101,3,2023-11-23 22:22:03
86,149,2,2023-11-25 22:24:12
86,143,3,2024-03-15 05:13:36
86,33,2,2024-03-19 02:06:59
86,181,4,2024-04-26 21:12:26
86,123,3,2024-06-28 11:12:38
86,118,4,2024-07-02 13:16:21
86,170,4,2024-07-14 08:47:01
86,17,3,2024-08-11 04:11:56
86,136,3,2024-08-15 22:57:47
86,178,4,2024-08-26 03:39:49
86,163,3,2025-01-29 16:29:43
86,166,3,2025-01-31 13:11:26
86,124,2,2025-03-02 22:50:00
86,161,3,2025-04-03 01:49:11
86,110,3,2025-07-03 01:44:05
86,47,5,2025-08-09 22:52:47
86,125,4,2025-09-23 16:33:00
86,176,2,2025-10-19 10:08:16
86,140,3,2025-11-18 04:13:21
86,94,3,2026-03-07 20:06:15
86,89,4,2026-03-23 21:56:31
86,99,4,2026-04-22 16:06:37
86,18,3,2026-04-28 23:58:03
86,58,3,2026-05-03 18:03:13
86,117,1,2026-05-27 13:38:14
87,52,5,2024-02-20 08:04:30
87,166,5,2024-03-18 00:52:00
87,113,2,2024-03-29 22:26:38
87,125,4,2024-04-04 17:48:50
87,159,4,2024-05-09 19:52:11
87,162,4,2024-06-28 07:05:34
87,50,2,2024-07-12 12:04:57
87,144,4,2024-08-15 08:45:52
87,106,5,2024-10-26 23:11:38
87,178,5,2024-11-15 16:23:37
87,114,3,2024-11-20 16:43:37
87,109,3,2025-02-06 09:56:44
87,188,4,2025-03-05 13:14:34
87,158,3,2025-05-07 02:54:06
87,141,4,2025-06-19 06:19:52
87,140,4,2025-07-22 19:20:04
87,107,4,2025-07-25 05:59:00
87,26,4,2025-07-27 11:22:47
87,200,4,2025-08-09 14:17:26
87,143,2,2025-09-26 09:19:42
87,58,4,2025-10-23 12:08:27
87,37,2,2026-01-28 20:54:34
87,189,5,2026-02-28 04:01:39
87,181,4,2026-05-20 19:02:28
87,157,3,2026-05-30 20:33:09
88,181,2,2023-05-10 12:17:46
88,154,5,2023-08-13 10:30:45
88,194,2,2023-08-24 20:11:08
88,184,3,2023-09-10 17:24:23
88,180,2,2023-09-29 08:42:03
88,44,5,2024-01-03 11:27:48
88,178,3,2024-01-10 20:10:07
88,71,4,2024-05-01 20:11:17
88,183,5,2024-06-01 01:12:21
88,3,4,2024-06-12 00:41:16
88,99,4,2024-07-16 17:49:23
88,127,4,2024-08-08 14:07:26
88,113,4,2024-08-16 10:08:00
88,158,5,2024-08-25 15:03:56
88,185,4,2024-09-27 17:45:00
88,35,3,2025-02-17 05:26:38
88,122,3,2025-03-27 03:17:37
88,108,3,2025-05-03 23:15:47
88,30,4,2025-07-08 15:48:12
88,88,3,2025-07-17 06:37:06
88,83,4,2025-07-20 05:02:31
88,189,2,2025-09-05 18:49:16
88,176,4,2025-10-10 02:55:53
88,45,4,2025-11-18 08:36:28
88,29,4,2026-01-17 17:30:48
88,125,5,2026-02-14 08:16:20
88,192,5,2026-04-02 01:45:10
88,107,4,2026-04-10 00:28:07
88,63,4,2026-04-24 11:34:25
89,120,2,2024-05-13 10:27:08
89,41,3,2024-06-02 12:20:53
89,151,3,2024-06-20 03:55:25
89,158,4,2024-07-01 16:48:57
89,136,3,2024-09-13 01:46:16
89,137,5,2024-12-09 18:10:47
89,61,4,2024-12-20 03:26:59
89,182,5,2025-04-27 23:25:13
89,143,3,2025-05-10 09:10:34
89,165,4,2025-07-01 14:26:21
89,183,4,2025-08-15 07:59:59
89,30,5,2025-08-19 00:57:15
89,60,3,2025-08-24 23:11:24
89,144,4,2025-08-26 13:17:09
89,130,4,2025-08-31 17:44:52
89,48,5,2025-08-31 17:56:57
89,149,4,2025-09-05 05:29:38
89,127,4,2025-09-15 09:59:28
89,50,3,2025-10-06 04:56:09
89,131,4,2025-12-27 15:56:46
89,64,4,2026-01-19 11:15:05
89,57,4,2026-03-27 17:08:03
89,75,5,2026-04-04 03:34:43
89,18,3,2026-04-18 01:19:19
89,126,5,2026-04-29 05:41:20
89,45,4,2026-05-02 17:44:02
89,38,3,2026-05-16 16:20:34
89,69,5,2026-05-25 08:56:20
89,161,3,2026-06-01 00:50:01
89,140,2,2026-06-04 06:38:53
90,18,2,2024-06-16 18:12:35
90,173,2,2024-07-11 21:26:57
90,64,3,2024-09-18 15:37:42
90,130,4,2024-11-04 04:08:40
90,114,4,2024-11-27 14:22:44
90,85,3,2025-01-02 06:43:39
90,140,3,2025-01-10 23:28:18
90,99,4,2025-02-08 23:45:47
90,166,2,2025-02-20 10:44:14
90,41,3,2025-03-05 07:04:42
90,117,4,2025-04-09 20:50:18
90,198,3,2025-07-06 03:54:49
90,10,3,2025-07-12 15:34:24
90,197,4,2025-08-02 13:47:33
90,188,3,2025-10-13 03:45:55
90,68,3,2025-11-25 04:29:01
90,160,4,2025-12-02 13:31:30
90,30,3,2025-12-13 15:35:53
90,191,2,2025-12-17 23:23:10
90,33,2,2026-01-11 03:22:25
90,8,3,2026-02-12 16:52:25
90,123,3,2026-03-08 11:47:22
90,162,3,2026-03-23 20:00:07
90,20,3,2026-04-06 16:36:48
90,126,2,2026-04-27 10:18:01
90,182,2,2026-05-05 14:37:55
90,48,2,2026-05-05 19:46:43
90,7,4,2026-06-12 00:41:53
90,42,3,2026-06-16 12:49:17
91,168,4,2025-02-27 07:32:38
91,44,5,2025-03-04 04:14:05
91,124,4,2025-03-07 21:14:00
91,188,4,2025-03-13 14:41:35
91,41,4,2025-04-02 03:33:00
91,179,4,2025-05-18 22:55:29
91,45,4,2025-05-19 22:49:06
91,132,4,2025-05-21 18:20:00
91,162,4,2025-05-28 19:27:12
91,114,5,2025-05-31 05:39:27
91,127,4,2025-06-10 20:06:41
91,131,4,2025-08-03 07:45:04
91,33,2,2025-08-03 11:57:10
91,148,5,2025-08-08 21:01:38
91,118,3,2025-10-06 01:08:02
91,119,3,2025-11-09 01:02:56
91,64,4,2025-11-09 10:46:53
91,143,3,2025-11-15 18:03:49
91,8,5,2025-12-07 22:15:20
91,130,4,2025-12-14 10:05:39
91,21,4,2025-12-19 16:05:03
91,48,4,2026-01-10 16:28:15
91,146,5,2026-01-11 21:47:02
91,66,4,2026-01-27 03:00:12
91,149,4,2026-02-01 13:00:38
91,15,4,2026-02-12 13:05:55
91,125,5,2026-02-14 03:00:30
91,182,4,2026-02-21 19:16:59
91,198,4,2026-03-12 10:38:16
91,152,4,2026-04-08 02:00:37
91,96,4,2026-04-30 11:11:59
91,145,2,2026-05-19 19:41:08
91,107,4,2026-06-15 19:35:25
92,50,2,2024-08-31 07:25:54
92,109,3,2024-09-04 22:06:01
92,174,3,2024-09-08 04:54:15
92,12,3,2024-09-19 06:58:12
92,86,3,2024-10-12 04:54:42
92,47,4,2024-11-08 12:54:34
92,48,3,2024-11-29 08:41:21
92,173,3,2024-12-28 10:57:45
92,87,2,2025-01-13 10:04:43
92,111,4,2025-01-23 07:16:47
92,107,4,2025-02-12 16:03:20
92,52,4,2025-03-20 15:49:32
92,94,1,2025-03-25 10:57:33
92,191,3,2025-04-08 16:33:13
92,60,2,2025-04-25 18:00:32
92,192,2,2025-05-07 12:54:19
92,99,4,2025-05-19 19:37:20
92,166,3,2025-05-26 13:43:38
92,19,2,2025-06-06 16:49:51
92,169,3,2025-06-06 22:44:09
92,45,2,2025-06-14 06:39:24
92,143,1,2025-07-04 03:51:59
92,34,3,2025-08-01 15:21:18
92,90,1,2025-08-05 19:41:41
92,189,2,2025-09-01 05:12:34
92,159,3,2025-09-14 02:15:53
92,183,5,2025-09-20 13:33:47
92,70,4,2025-09-23 17:11:13
92,121,3,2025-10-06 08:37:42
92,149,2,2025-11-23 13:49:29
92,63,4,2026-01-03 05:55:53
92,158,4,2026-01-13 11:21:52
92,64,3,2026-01-18 05:17:05
92,113,4,2026-03-16 15:47:40
92,177,4,2026-04-02 22:25:09
92,130,3,2026-04-17 05:45:27
92,106,5,2026-04-17 20:09:07
92,41,2,2026-04-27 22:31:38
92,118,4,2026-05-21 03:18:27
93,125,4,2023-05-16 05:34:31
93,111,4,2023-06-01 02:34:02
93,86,3,2023-07-03 18:51:14
93,62,5,2023-07-07 10:16:03
93,45,5,2023-08-19 01:32:39
93,200,3,2023-10-02 05:36:23
93,151,5,2023-11-13 14:53:48
93,61,3,2023-11-23 03:18:32
93,166,3,2023-12-17 12:55:36
93,37,5,2023-12-31 11:45:34
93,107,3,2024-01-27 14:44:42
93,165,5,2024-03-23 14:20:51
93,123,3,2024-05-05 22:01:29
93,148,5,2024-05-08 17:09:07
93,35,4,2024-06-30 11:16:21
93,184,3,2024-09-09 00:44:40
93,169,5,2024-09-22 08:24:36
93,149,3,2024-10-10 04:34:31
93,96,5,2024-11-13 16:48:26
93,141,4,2024-12-24 17:22:07
93,178,4,2025-01-10 12:20:10
93,103,3,2025-02-13 04:57:21
93,122,5,2025-05-20 13:02:23
93,33,3,2025-07-24 14:06:36
93,30,3,2025-08-17 21:07:32
93,99,3,2025-08-21 11:15:21
93,114,4,2025-09-23 17:49:40
93,41,3,2025-10-18 05:25:11
93,188,4,2025-11-06 23:01:40
93,143,4,2025-11-25 05:34:29
93,130,3,2025-12-15 23:38:33
93,160,4,2026-02-07 15:01:35
93,48,3,2026-03-08 20:37:53
93,3,3,2026-03-25 09:52:50
93,50,5,2026-06-03 01:21:09
94,181,3,2023-03-30 10:44:41
94,7,5,2023-05-25 14:16:07
94,186,2,2023-07-10 03:48:09
94,174,4,2023-07-18 03:47:31
94,159,5,2023-10-19 05:29:35
94,91,4,2023-12-02 01:39:45
94,192,5,2024-01-18 13:21:39
94,44,5,2024-04-28 15:26:48
94,154,4,2024-07-01 04:57:51
94,137,3,2024-07-20 07:45:26
94,158,5,2024-09-28 13:14:36
94,30,5,2024-10-07 15:58:51
94,86,4,2024-11-21 19:51:43
94,114,5,2025-02-14 19:17:34
94,107,5,2025-02-21 04:30:17
94,50,3,2025-05-17 21:34:35
94,153,3,2025-05-19 12:35:24
94,163,4,2025-05-30 11:58:55
94,166,4,2025-07-14 15:42:46
94,189,2,2025-11-02 14:40:00
94,87,2,2025-11-20 23:23:49
94,178,4,2025-11-29 04:09:18
94,125,4,2025-12-27 13:49:05
94,130,4,2026-01-24 05:14:10
94,176,4,2026-02-12 08:19:35
94,177,4,2026-02-19 06:15:14
94,68,5,2026-06-05 22:56:58
95,126,4,2022-03-03 14:47:00
95,132,5,2022-03-18 23:52:26
95,166,3,2022-05-08 21:41:18
95,124,3,2022-09-14 18:04:13
95,193,4,2022-12-23 20:56:12
95,167,4,2023-02-12 06:37:27
95,130,5,2023-04-09 21:35:27
95,123,4,2023-09-09 10:50:29
95,178,3,2023-10-17 01:31:55
95,10,3,2023-12-01 10:47:17
95,181,3,2023-12-16 11:10:52
95,113,5,2024-01-07 20:40:08
95,164,3,2024-02-07 18:36:07
95,40,5,2024-02-13 18:45:16
95,172,4,2024-05-30 14:34:44
95,125,4,2024-07-31 22:01:49
95,182,5,2024-12-13 02:31:44
95,119,4,2025-05-11 04:44:32
95,144,3,2025-08-08 12:11:43
95,68,3,2025-10-29 17:40:23
95,118,4,2026-02-08 20:25:26
95,22,5,2026-02-26 19:14:58
95,48,5,2026-06-14 08:28:37
96,90,4,2023-10-01 07:36:50
96,183,4,2023-10-09 14:33:00
96,176,3,2023-10-21 20:20:05
96,57,3,2023-11-19 11:02:19
96,68,4,2023-11-23 11:08:32
96,157,4,2023-12-13 06:44:31
96,64,3,2023-12-26 05:53:10
96,11,4,2024-01-02 11:35:16
96,67,4,2024-01-12 19:20:38
96,197,3,2024-02-16 00:28:25
96,166,3,2024-02-22 22:34:59
96,34,3,2024-03-03 10:19:05
96,94,3,2024-03-04 03:20:40
96,136,4,2024-03-18 00:50:00
96,135,3,2024-03-20 07:12:22
96,41,5,2024-04-01 00:23:45
96,130,3,2024-05-14 20:22:51
96,114,5,2024-06-03 20:49:44
96,143,3,2024-06-04 14:48:50
96,165,3,2024-06-28 14:01:05
96,33,4,2024-07-08 18:51:44
96,154,4,2024-07-20 12:32:33
96,7,5,2024-08-02 12:41:44
96,178,4,2024-09-19 00:32:22
96,137,4,2025-01-21 07:51:23
96,125,5,2025-02-10 07:33:35
96,193,4,2025-04-28 08:23:33
96,124,3,2025-05-21 03:29:04
96,171,3,2025-06-07 04:40:01
96,162,3,2025-06-09 13:53:02
96,99,3,2025-08-02 06:00:06
96,108,3,2025-08-05 14:30:50
96,84,4,2025-09-08 00:21:49
96,18,4,2025-09-29 19:24:02
96,127,4,2025-10-18 09:11:05
96,8,4,2025-10-21 18:12:05
96,60,3,2025-12-08 13:00:45
96,86,3,2025-12-16 03:10:20
96,50,3,2026-02-13 21:27:26
96,168,4,2026-03-01 09:27:20
96,13,3,2026-03-11 12:11:58
96,45,3,2026-04-01 13:57:40
96,46,3,2026-04-30 22:02:02
96,191,4,2026-05-18 21:51:38
96,107,4,2026-05-23 04:55:33
97,166,3,2021-08-26 09:59:08
97,176,3,2021-10-20 20:25:11
97,30,4,2021-11-20 19:20:52
97,181,3,2022-02-04 00:30:32
97,118,4,2022-02-21 01:28:06
97,103,3,2022-09-18 04:43:10
97,178,4,2022-12-17 06:32:26
97,84,5,2022-12-20 01:14:03
97,168,4,2023-01-15 00:52:38
97,147,4,2023-01-27 11:31:51
97,34,3,2023-02-15 12:25:55
97,47,3,2023-03-21 12:17:44
97,140,5,2023-03-26 19:01:46
97,63,3,2023-05-07 04:49:23
97,198,4,2023-07-30 17:01:39
97,45,5,2023-12-13 18:56:20
97,114,3,2024-01-16 10:18:46
97,26,5,2024-05-21 05:45:55
97,10,5,2024-06-13 13:26:13
97,190,4,2024-11-18 18:44:37
97,191,4,2024-11-19 03:38:16
97,158,4,2024-12-13 00:52:53
97,163,4,2025-03-17 03:03:34
97,52,4,2025-03-22 17:06:21
97,146,3,2025-07-23 17:45:53
97,98,3,2025-09-01 18:36:21
97,48,4,2025-09-19 12:18:16
97,130,3,2025-11-06 08:17:52
97,185,5,2025-11-20 08:07:41
97,43,3,2025-12-05 12:17:48
97,144,3,2025-12-31 23:32:14
97,94,3,2026-01-12 12:17:42
97,21,4,2026-03-17 20:59:35
97,92,4,2026-04-07 23:16:36
98,105,5,2025-06-22 09:57:06
98,45,4,2025-07-14 17:18:50
98,85,3,2025-07-14 22:05:23
98,57,2,2025-08-06 06:31:34
98,87,3,2025-08-15 23:41:44
98,143,3,2025-08-21 04:32:57
98,177,3,2025-08-23 21:55:15
98,53,3,2025-09-07 23:56:14
98,182,3,2025-10-24 14:08:35
98,121,2,2025-11-05 20:11:04
98,122,4,2025-11-11 05:35:12
98,166,2,2025-12-28 15:22:12
98,33,2,2026-01-18 21:30:49
98,46,4,2026-01-20 10:42:45
98,64,4,2026-02-07 00:42:28
98,34,4,2026-03-28 03:38:46
98,44,4,2026-05-16 09:45:29
98,50,3,2026-05-24 13:43:34
98,130,3,2026-05-27 06:35:20
98,193,3,2026-06-02 02:29:42
98,189,2,2026-06-07 22:06:48
99,68,5,2024-11-09 15:14:11
99,137,5,2024-12-12 11:30:38
99,182,4,2024-12-17 04:33:05
99,75,3,2024-12-24 00:18:20
99,166,4,2025-01-05 17:18:43
99,50,3,2025-01-27 20:42:41
99,90,3,2025-03-10 06:13:05
99,189,4,2025-04-03 06:55:07
99,55,5,2025-04-13 21:10:05
99,130,5,2025-06-03 22:07:25
99,37,5,2025-06-07 23:21:16
99,21,4,2025-07-09 12:11:00
99,18,3,2025-07-18 08:56:29
99,45,4,2025-08-30 06:24:25
99,163,4,2025-09-05 11:05:46
99,86,4,2025-10-06 04:29:46
99,159,4,2025-10-07 07:50:02
99,33,4,2025-10-18 12:03:38
99,125,5,2025-11-08 15:53:11
99,22,5,2025-11-15 16:25:11
99,180,3,2025-12-09 14:49:19
99,114,4,2026-01-26 16:28:10
99,122,4,2026-02-11 00:33:58
99,40,5,2026-02-24 22:58:52
99,57,3,2026-05-19 15:26:08
99,135,5,2026-05-26 08:43:05
99,121,3,2026-05-27 14:59:00
99,100,3,2026-06-01 06:42:02
99,181,4,2026-06-28 20:29:55
100,53,4,2021-07-23 02:26:57
100,54,4,2021-08-12 22:56:15
100,105,3,2021-09-05 06:15:01
100,63,3,2021-09-15 09:32:44
100,57,3,2021-09-18 20:06:17
100,20,4,2021-11-06 19:55:26
100,71,4,2022-04-02 09:54:18
100,128,3,2022-05-10 20:53:13
100,173,4,2022-05-17 13:37:19
100,130,4,2022-05-18 12:37:02
100,3,3,2022-06-09 22:58:27
100,197,5,2022-08-28 15:23:02
100,198,4,2022-09-29 14:41:08
100,183,4,2023-02-12 18:19:09
100,16,4,2023-03-10 22:58:20
100,174,2,2023-04-02 11:32:13
100,113,5,2023-06-16 05:33:51
100,118,2,2023-07-29 02:12:42
100,160,3,2024-01-08 17:21:43
100,33,2,2024-03-11 05:04:47
100,2,3,2024-06-06 13:04:08
100,154,3,2024-06-08 00:44:19
100,76,3,2024-07-14 02:40:14
100,18,4,2024-07-20 09:16:12
100,140,3,2024-08-07 23:05:28
100,149,3,2024-09-04 02:11:51
100,74,4,2024-09-19 19:50:54
100,103,5,2024-10-03 22:05:53
100,131,5,2024-11-27 14:03:41
100,195,4,2024-12-22 14:16:05
100,166,3,2025-03-03 03:03:51
100,34,5,2025-03-28 18:47:31
100,146,4,2025-04-17 06:00:32
100,123,4,2025-05-15 11:14:13
100,189,4,2025-05-29 10:04:55
100,150,2,2025-06-05 06:24:16
100,64,5,2025-07-01 17:56:50
100,30,4,2025-07-21 10:59:04
100,99,3,2025-08-10 21:34:12
100,121,1,2025-09-26 07:02:03
100,125,5,2025-10-10 02:58:14
100,114,3,2026-02-27 21:41:53
100,177,5,2026-05-02 05:33:19
100,162,3,2026-05-21 01:42:14
101,132,3,2024-07-17 11:55:01
101,30,3,2024-07-23 03:46:14
101,69,1,2024-07-27 23:15:51
101,33,3,2024-07-29 15:53:55
101,118,4,2024-08-01 07:18:31
101,78,4,2024-08-15 05:41:49
101,114,4,2024-08-22 03:41:47
101,134,4,2024-09-18 15:56:40
101,37,2,2024-11-26 10:49:54
101,141,3,2024-12-03 00:42:14
101,64,1,2024-12-15 04:00:26
101,62,3,2025-03-03 19:36:37
101,107,4,2025-03-08 19:03:16
101,186,3,2025-04-19 12:37:51
101,41,3,2025-04-22 19:34:03
101,99,5,2025-05-09 21:14:48
101,2,3,2025-05-17 02:14:03
101,183,5,2025-06-22 20:08:14
101,199,4,2025-06-23 07:23:32
101,194,2,2025-06-30 03:51:01
101,76,2,2025-07-03 08:11:51
101,81,3,2025-08-22 21:32:16
101,166,3,2025-09-02 21:04:58
101,190,3,2025-09-07 03:58:03
101,158,3,2025-10-03 17:56:34
101,181,4,2025-10-26 03:15:33
101,189,3,2025-11-17 18:15:47
101,195,4,2025-12-06 08:22:59
101,176,3,2025-12-09 07:58:52
101,128,4,2025-12-10 05:01:25
101,48,3,2025-12-17 02:30:32
101,150,2,2025-12-23 08:13:03
101,182,3,2026-01-21 03:09:30
101,159,3,2026-01-26 21:37:40
101,129,3,2026-02-12 00:31:19
101,77,3,2026-02-24 23:24:56
101,6,2,2026-04-11 04:59:54
101,34,3,2026-04-29 11:41:46
101,130,3,2026-05-18 23:44:29
101,86,3,2026-06-10 16:00:38
101,105,3,2026-06-21 10:13:03
101,44,4,2026-06-29 15:01:23
102,40,5,2021-07-15 21:12:01
102,88,4,2021-08-02 02:05:26
102,193,4,2021-10-15 22:32:47
102,34,4,2022-02-22 23:47:14
102,166,5,2022-04-14 22:28:38
102,139,5,2022-05-09 20:38:26
102,96,4,2022-05-30 13:46:00
102,33,4,2022-07-26 08:35:20
102,194,4,2022-08-24 22:54:43
102,138,5,2022-09-08 18:39:33
102,135,5,2022-09-11 18:16:37
102,53,4,2022-10-02 13:55:58
102,151,5,2022-12-04 14:39:48
102,86,4,2022-12-05 09:05:31
102,162,5,2023-02-02 08:34:05
102,59,3,2023-04-04 20:29:58
102,114,5,2023-04-10 10:54:13
102,180,5,2023-05-04 09:18:50
102,126,4,2023-06-02 07:31:11
102,41,5,2023-07-15 22:54:45
102,160,4,2023-08-22 20:40:02
102,159,5,2023-11-17 05:32:35
102,141,4,2023-12-30 12:04:37
102,29,5,2024-04-20 22:44:42
102,14,5,2024-05-07 03:40:32
102,65,4,2024-05-07 13:59:51
102,190,4,2024-05-10 10:53:25
102,91,5,2024-05-23 18:29:13
102,133,5,2024-08-02 10:39:00
102,98,4,2024-08-14 16:29:12
102,101,4,2024-09-07 03:05:30
102,191,4,2024-09-24 03:23:08
102,111,5,2024-10-05 02:17:25
102,87,4,2024-12-05 21:18:53
102,200,4,2024-12-24 14:20:43
102,132,4,2025-01-03 02:51:27
102,129,5,2025-01-04 12:27:29
102,104,5,2025-02-05 17:32:19
102,12,4,2025-03-02 18:31:46
102,122,3,2025-04-07 20:23:13
102,199,4,2025-04-28 13:01:37
102,186,4,2025-07-03 13:20:39
102,169,3,2025-08-12 04:59:47
102,198,4,2025-12-09 05:01:34
102,177,5,2026-01-02 15:59:20
102,189,5,2026-04-10 09:20:32
102,181,5,2026-05-15 20:32:00
103,149,2,2024-04-03 18:38:57
103,150,2,2024-04-22 13:19:05
103,134,4,2024-05-02 06:15:20
103,86,3,2024-05-20 17:12:02
103,75,2,2024-05-29 22:06:09
103,107,2,2024-06-21 19:31:14
103,20,4,2024-08-12 10:50:51
103,143,2,2024-08-20 05:24:37
103,19,2,2024-09-03 10:50:45
103,50,2,2024-09-17 05:28:23
103,45,4,2024-10-21 13:58:29
103,38,2,2024-11-16 08:48:43
103,117,3,2024-11-23 03:27:42
103,97,3,2024-12-11 23:12:40
103,26,5,2024-12-18 05:54:51
103,47,4,2025-01-09 14:15:47
103,157,3,2025-01-10 02:44:54
103,10,4,2025-01-28 01:42:49
103,110,5,2025-03-13 05:19:23
103,16,3,2025-03-17 18:48:48
103,109,4,2025-04-07 13:36:17
103,197,3,2025-05-02 22:50:32
103,188,5,2025-05-21 01:00:38
103,68,3,2025-06-13 04:15:32
103,198,3,2025-08-01 09:58:37
103,49,5,2025-09-12 22:43:41
103,114,3,2025-09-30 17:41:02
103,166,2,2025-10-23 02:43:13
103,25,3,2025-10-26 20:57:09
103,125,4,2025-11-28 06:02:00
103,148,3,2025-12-11 18:38:23
103,140,5,2025-12-20 11:17:58
103,62,3,2026-02-10 05:43:07
103,56,3,2026-03-08 01:29:04
103,108,3,2026-04-05 06:51:45
103,147,4,2026-05-18 10:38:45
103,3,2,2026-06-09 07:21:29
104,189,3,2021-07-16 17:10:39
104,157,5,2021-08-20 17:30:27
104,125,4,2021-09-02 17:38:01
104,140,3,2021-09-28 15:26:54
104,85,5,2021-10-16 05:33:02
104,86,3,2022-02-06 04:56:49
104,193,3,2022-04-16 12:34:50
104,74,4,2022-05-05 04:44:21
104,177,3,2022-09-10 14:52:24
104,64,5,2022-09-19 01:04:56
104,45,3,2022-10-20 00:47:23
104,41,3,2022-11-07 00:14:08
104,197,5,2023-06-22 09:33:43
104,88,3,2023-11-06 02:09:10
104,6,4,2024-04-05 18:27:00
104,99,3,2024-04-30 16:51:52
104,48,5,2024-06-07 07:31:57
104,7,5,2024-06-26 15:36:53
104,114,5,2024-08-21 08:31:07
104,59,5,2024-11-16 04:34:48
104,123,4,2024-11-23 08:19:43
104,173,5,2025-03-01 22:16:33
104,71,4,2025-03-08 02:20:32
104,67,5,2025-05-18 01:31:59
104,22,5,2025-06-07 14:00:50
104,199,5,2025-06-19 01:27:54
104,192,5,2025-07-01 07:27:24
104,101,5,2026-01-23 02:11:47
104,183,4,2026-02-06 05:02:35
104,79,4,2026-02-26 05:45:44
104,180,3,2026-03-12 22:30:21
104,160,4,2026-03-26 01:02:16
104,178,3,2026-06-09 14:32:23
105,136,4,2023-05-04 01:33:58
105,1,4,2023-05-12 19:19:50
105,83,4,2023-06-12 09:48:17
105,119,3,2023-08-11 07:42:34
105,189,3,2023-09-08 07:09:48
105,41,4,2023-09-20 19:41:16
105,198,2,2023-10-28 04:43:18
105,45,4,2023-12-07 19:56:44
105,176,4,2024-01-31 21:28:49
105,124,4,2024-02-05 00:29:43
105,118,5,2024-02-19 11:40:50
105,56,5,2024-03-19 13:27:55
105,62,4,2024-04-25 23:56:24
105,99,5,2024-07-14 08:40:41
105,183,5,2024-08-07 02:12:20
105,197,3,2024-08-11 06:07:49
105,141,4,2024-09-21 00:17:58
105,2,4,2024-09-30 09:27:53
105,125,5,2024-11-05 06:18:48
105,107,5,2024-11-19 10:18:57
105,106,5,2025-05-02 23:32:39
105,152,3,2025-05-13 20:18:26
105,140,4,2025-06-04 14:50:52
105,135,4,2025-06-13 19:08:09
105,30,5,2025-07-07 06:53:28
105,148,4,2025-08-04 12:34:38
105,117,4,2025-11-10 09:55:47
105,75,3,2025-12-21 12:08:01
105,87,3,2026-04-14 09:45:53
105,178,5,2026-05-15 01:05:39
105,63,4,2026-06-03 21:38:00
105,155,4,2026-06-10 23:56:01
105,123,2,2026-06-21 00:04:03
106,133,4,2024-01-20 12:55:32
106,44,3,2024-02-01 20:20:02
106,21,4,2024-03-05 10:19:26
106,57,2,2024-05-17 22:07:59
106,190,3,2024-06-20 15:58:39
106,166,5,2024-08-29 22:15:14
106,150,4,2024-09-20 19:35:37
106,121,3,2024-10-01 21:24:03
106,178,4,2024-10-06 08:45:40
106,157,3,2024-10-16 22:38:19
106,131,5,2024-11-04 18:21:01
106,127,5,2024-11-06 10:54:38
106,30,3,2024-11-22 19:32:56
106,159,5,2024-11-25 22:34:44
106,193,3,2024-12-27 06:20:29
106,125,4,2025-01-07 22:48:44
106,58,4,2025-02-14 16:38:51
106,189,5,2025-02-16 16:47:04
106,194,3,2025-03-24 13:21:32
106,200,5,2025-08-02 21:41:35
106,181,4,2025-08-06 08:18:50
106,96,4,2025-08-09 14:23:43
106,161,2,2026-01-11 10:13:36
106,45,4,2026-02-20 03:35:42
106,114,4,2026-03-16 01:25:40
106,149,2,2026-03-21 07:48:01
106,145,2,2026-06-28 21:51:35
107,75,3,2024-05-18 04:25:56
107,45,4,2024-07-08 17:04:05
107,48,5,2024-07-13 09:38:08
107,143,4,2024-07-26 00:16:33
107,183,3,2024-08-23 15:38:51
107,197,3,2024-08-28 09:40:53
107,6,4,2024-09-30 16:29:20
107,91,3,2024-10-04 16:47:36
107,140,3,2024-11-02 02:40:06
107,137,5,2024-11-04 00:49:00
107,166,2,2024-11-22 18:53:04
107,30,5,2024-11-25 21:03:34
107,35,4,2024-12-26 05:43:09
107,106,4,2025-01-31 09:39:27
107,59,5,2025-02-09 03:24:58
107,43,2,2025-04-07 03:45:32
107,60,2,2025-04-19 00:10:43
107,168,3,2025-05-03 20:09:57
107,119,5,2025-05-23 06:21:36
107,152,4,2025-06-29 12:38:51
107,149,4,2025-06-29 18:55:43
107,57,5,2025-07-13 15:02:28
107,121,2,2025-08-26 01:18:40
107,104,3,2025-10-02 15:33:31
107,189,2,2025-11-16 03:49:08
107,124,3,2025-11-22 15:43:03
107,182,5,2025-12-02 12:15:34
107,146,3,2025-12-22 01:17:41
107,136,4,2026-01-05 08:20:19
107,114,3,2026-01-13 19:23:35
107,64,3,2026-01-14 01:52:22
107,196,3,2026-01-27 20:26:26
107,25,2,2026-02-07 08:40:28
107,107,3,2026-02-10 01:58:11
107,94,4,2026-02-21 13:34:59
107,118,3,2026-05-18 01:17:19
107,122,5,2026-06-05 21:08:18
107,161,4,2026-06-16 22:38:47
107,105,4,2026-06-18 13:15:19
108,57,5,2022-11-27 20:12:35
108,64,4,2022-12-08 22:37:46
108,69,3,2022-12-15 05:43:01
108,32,5,2022-12-19 08:48:01
108,30,4,2022-12-23 00:52:43
108,168,5,2023-04-11 12:42:59
108,174,2,2023-04-14 20:20:17
108,178,4,2023-04-16 09:42:36
108,183,5,2023-04-24 11:03:14
108,137,5,2023-05-07 00:20:01
108,3,3,2023-05-12 15:10:21
108,124,3,2023-06-15 15:48:19
108,37,3,2023-07-11 16:23:16
108,154,5,2023-10-30 18:55:16
108,114,5,2023-10-31 06:19:00
108,48,5,2023-11-22 04:18:02
108,118,3,2024-01-30 00:18:44
108,166,4,2024-02-14 08:55:40
108,45,3,2024-03-06 05:57:46
108,7,5,2024-03-17 20:20:47
108,189,2,2024-07-21 03:49:32
108,195,4,2024-11-02 15:56:35
108,34,4,2025-02-17 03:47:45
108,44,5,2025-02-21 00:08:14
108,182,5,2025-02-27 18:51:10
108,67,4,2025-04-08 02:19:14
108,56,3,2025-04-12 07:27:37
108,70,3,2025-05-15 08:39:50
108,82,4,2025-05-25 17:38:51
108,136,3,2025-05-28 12:04:57
108,123,5,2025-06-05 21:56:20
108,198,3,2025-09-11 20:49:53
108,101,4,2025-11-08 12:42:53
108,126,4,2025-12-07 22:22:25
108,24,4,2025-12-21 04:19:03
108,99,4,2026-01-22 14:30:19
108,18,4,2026-05-08 12:29:26
109,162,3,2025-04-01 20:41:37
109,68,2,2025-04-12 16:56:19
109,43,2,2025-05-06 19:43:47
109,100,3,2025-05-11 03:35:52
109,143,1,2025-05-13 23:18:16
109,92,3,2025-05-20 01:45:36
109,121,1,2025-05-29 07:55:47
109,178,3,2025-08-07 03:56:40
109,195,4,2025-08-23 18:44:03
109,90,2,2025-08-27 11:27:11
109,70,3,2025-09-20 01:59:16
109,107,4,2025-09-20 08:43:45
109,25,3,2025-10-07 01:58:25
109,30,3,2025-10-09 12:15:08
109,101,3,2025-10-22 04:55:38
109,56,3,2025-11-15 18:45:30
109,197,3,2025-11-18 01:09:47
109,181,4,2025-12-06 09:43:27
109,102,3,2026-01-05 06:28:37
109,182,2,2026-01-10 15:47:22
109,131,5,2026-02-14 03:29:04
109,153,4,2026-03-16 06:06:42
109,198,3,2026-03-21 09:09:41
109,106,3,2026-04-26 00:53:32
109,147,3,2026-05-29 07:23:37
110,94,3,2024-06-29 02:31:42
110,104,3,2024-07-05 02:19:07
110,6,3,2024-07-12 13:42:21
110,116,4,2024-08-03 03:47:36
110,132,4,2024-08-29 18:25:34
110,122,5,2024-09-09 12:27:35
110,118,3,2024-09-29 05:05:39
110,42,4,2024-10-20 15:20:18
110,75,2,2024-10-20 17:38:42
110,190,2,2024-10-23 18:53:02
110,150,1,2024-12-22 02:01:20
110,135,4,2024-12-29 05:39:28
110,161,4,2025-01-12 22:45:37
110,20,3,2025-01-31 10:31:24
110,131,4,2025-02-02 21:45:07
110,181,3,2025-02-04 01:57:46
110,144,2,2025-03-05 19:41:29
110,182,3,2025-04-10 04:46:19
110,166,1,2025-04-16 12:14:20
110,129,3,2025-04-17 02:16:27
110,140,4,2025-04-20 01:23:30
110,143,4,2025-06-16 19:48:46
110,192,5,2025-07-02 23:16:47
110,50,4,2025-07-28 02:08:25
110,43,2,2025-08-04 23:14:58
110,113,3,2025-09-27 10:31:48
110,180,3,2025-10-16 19:32:46
110,125,4,2025-10-20 16:24:47
110,54,2,2025-10-24 06:27:35
110,45,5,2025-11-11 20:37:59
110,32,5,2025-11-13 08:59:19
110,160,5,2025-11-30 17:04:31
110,187,5,2026-01-06 11:32:41
110,57,2,2026-01-07 11:51:41
110,126,2,2026-01-16 06:27:27
110,168,5,2026-01-30 13:09:55
110,199,5,2026-02-06 03:08:20
110,30,2,2026-02-13 10:48:40
110,188,5,2026-02-14 11:01:32
110,114,5,2026-02-20 16:00:58
110,189,2,2026-03-23 16:12:39
110,134,4,2026-03-28 13:55:32
110,34,2,2026-03-30 05:16:35
110,21,3,2026-04-08 16:04:18
110,117,5,2026-04-20 13:44:26
110,136,2,2026-04-23 16:27:33
110,89,5,2026-06-28 09:25:50
111,102,5,2022-04-27 21:49:25
111,181,3,2022-05-27 09:46:48
111,45,5,2022-08-01 21:34:43
111,18,4,2022-09-08 11:18:27
111,200,4,2022-09-22 12:05:04
111,186,3,2022-10-08 12:50:17
111,64,4,2022-12-14 04:23:07
111,57,2,2022-12-22 07:04:57
111,106,5,2023-06-27 08:09:39
111,115,5,2023-09-05 06:22:59
111,166,3,2024-02-04 17:01:59
111,87,3,2024-05-09 00:38:50
111,192,4,2024-07-16 20:51:46
111,143,3,2024-08-16 08:31:34
111,15,4,2024-08-25 21:28:34
111,124,3,2024-09-24 09:28:55
111,74,4,2024-10-25 21:20:30
111,170,3,2025-06-08 09:06:33
111,140,5,2025-07-09 08:51:09
111,161,4,2025-09-14 08:11:19
111,10,4,2025-10-16 03:12:13
111,65,2,2025-10-20 08:09:14
111,141,5,2025-10-24 23:49:10
111,197,3,2025-11-07 04:15:34
111,20,3,2025-12-01 19:26:54
111,27,4,2026-01-07 04:26:33
111,136,3,2026-02-02 19:22:53
111,191,3,2026-02-09 08:04:46
111,47,4,2026-03-21 15:46:53
111,134,3,2026-05-23 22:37:04
111,41,2,2026-05-29 06:17:52
112,30,4,2024-01-27 10:53:17
112,191,4,2024-02-09 04:48:23
112,176,4,2024-02-18 05:05:33
112,6,2,2024-02-29 08:17:14
112,45,4,2024-04-29 12:23:54
112,125,3,2024-06-05 02:37:47
112,71,3,2024-06-29 01:31:49
112,99,2,2024-10-02 22:35:35
112,161,2,2024-11-26 19:36:59
112,136,3,2025-03-08 09:33:30
112,44,2,2025-03-21 09:31:12
112,147,2,2025-04-11 05:48:13
112,189,3,2025-07-22 06:22:12
112,192,2,2025-07-24 17:22:28
112,158,4,2025-08-07 02:59:18
112,14,3,2025-08-31 10:31:10
112,196,3,2025-11-29 23:28:27
112,183,4,2025-12-29 00:10:54
112,48,3,2025-12-30 03:33:17
112,185,3,2026-01-28 07:13:28
112,163,3,2026-06-05 15:00:31
113,200,5,2024-04-16 13:09:59
113,188,4,2024-05-18 15:14:50
113,72,4,2024-06-05 21:01:54
113,44,3,2024-06-10 01:40:32
113,7,4,2024-06-27 18:47:16
113,137,2,2024-07-01 01:54:21
113,193,3,2024-11-26 19:54:25
113,124,4,2024-11-28 12:26:48
113,19,3,2024-12-22 16:38:24
113,171,5,2025-03-18 12:38:31
113,33,4,2025-04-01 20:22:18
113,17,5,2025-05-25 10:09:00
113,134,5,2025-06-08 19:06:57
113,107,4,2025-06-12 21:03:51
113,181,4,2025-07-29 10:45:39
113,45,4,2025-09-21 00:00:39
113,67,3,2025-11-15 03:09:03
113,127,4,2025-11-26 08:20:29
113,166,5,2025-12-05 03:38:59
113,106,4,2026-01-03 21:40:43
113,76,3,2026-01-07 19:57:03
113,56,4,2026-02-08 03:40:29
113,131,5,2026-03-09 03:00:38
113,121,4,2026-03-09 05:15:44
113,179,5,2026-03-16 06:34:43
113,159,5,2026-03-20 01:09:30
113,189,5,2026-04-26 07:28:58
113,94,2,2026-05-31 21:06:04
113,99,3,2026-06-04 06:39:25
113,176,5,2026-06-20 10:48:55
114,147,4,2022-07-07 07:49:55
114,33,3,2022-07-16 11:59:20
114,84,4,2022-07-17 04:31:31
114,144,4,2022-10-11 20:38:25
114,17,3,2022-10-29 14:48:20
114,140,5,2022-12-12 20:31:38
114,104,3,2022-12-22 00:13:46
114,120,3,2022-12-31 08:18:03
114,119,5,2023-01-21 19:41:34
114,126,5,2023-03-29 07:49:21
114,59,4,2023-06-04 02:24:39
114,42,3,2023-08-17 21:33:35
114,45,4,2023-09-26 23:04:43
114,182,5,2023-10-09 05:19:58
114,168,4,2023-10-09 16:43:15
114,200,4,2023-10-20 00:33:30
114,117,3,2023-11-13 17:24:27
114,20,4,2023-12-06 04:32:21
114,88,3,2024-03-31 01:07:59
114,137,5,2024-05-12 15:32:55
114,63,2,2024-05-18 03:53:34
114,89,4,2024-06-20 23:37:40
114,39,4,2024-07-03 12:54:26
114,73,4,2024-07-25 03:58:46
114,30,5,2024-07-27 06:16:09
114,57,5,2024-09-24 00:42:02
114,149,5,2024-10-22 15:41:48
114,188,5,2024-12-01 16:50:50
114,193,4,2024-12-23 18:02:05
114,179,3,2025-01-12 09:54:13
114,86,3,2025-02-07 16:17:04
114,48,5,2025-02-12 06:08:29
114,123,4,2025-03-14 16:41:19
114,27,3,2025-04-10 17:52:02
114,93,3,2025-05-05 02:04:03
114,37,3,2025-06-14 18:42:08
114,141,5,2025-06-19 09:04:04
114,189,3,2025-06-23 06:46:54
114,134,3,2025-08-10 22:44:02
114,60,2,2025-09-02 22:52:26
114,143,3,2025-09-30 19:12:49
114,127,4,2025-10-09 21:38:16
114,64,3,2025-11-15 12:22:35
114,91,4,2025-12-19 05:57:13
114,198,3,2026-01-10 10:04:38
114,81,3,2026-04-04 13:39:17
114,56,4,2026-06-21 20:51:35
115,3,3,2024-04-30 10:30:49
115,182,3,2024-05-01 14:24:39
115,166,4,2024-05-13 09:19:21
115,149,2,2024-05-15 17:44:22
115,16,4,2024-05-19 13:24:51
115,51,2,2024-06-03 09:00:51
115,120,4,2024-07-20 05:54:04
115,181,4,2024-07-25 13:36:39
115,86,3,2024-09-08 03:33:42
115,71,3,2024-09-16 07:53:30
115,38,3,2024-09-18 21:26:42
115,186,4,2024-11-07 02:55:20
115,130,4,2024-11-07 16:47:48
115,54,3,2024-11-08 13:34:08
115,12,3,2024-12-05 19:29:55
115,48,3,2024-12-11 18:02:29
115,194,4,2025-01-02 14:34:29
115,22,4,2025-01-02 20:21:33
115,4,5,2025-01-10 07:58:39
115,56,4,2025-01-14 16:30:21
115,88,5,2025-01-28 05:34:47
115,193,3,2025-04-09 23:42:08
115,118,5,2025-05-14 16:46:37
115,114,5,2025-05-21 21:22:52
115,180,3,2025-05-25 06:43:01
115,50,2,2025-07-02 19:37:36
115,99,5,2025-07-04 01:12:01
115,150,3,2025-07-17 14:19:13
115,7,5,2025-07-19 13:59:21
115,189,3,2025-07-30 22:27:33
115,113,3,2025-08-01 05:04:50
115,129,4,2025-08-18 01:24:20
115,199,5,2025-08-26 03:30:39
115,57,2,2025-09-13 22:52:44
115,83,4,2025-10-01 10:21:06
115,68,5,2025-11-27 02:05:10
115,65,2,2025-12-02 10:37:37
115,94,1,2025-12-24 06:07:06
115,146,5,2026-01-07 07:11:20
115,45,2,2026-01-23 17:33:25
115,164,3,2026-02-20 02:54:41
115,183,5,2026-02-27 04:06:34
115,140,4,2026-02-28 09:12:06
115,33,3,2026-04-02 20:27:55
115,197,4,2026-04-13 12:42:35
115,64,3,2026-05-04 18:55:35
115,106,5,2026-05-06 02:03:25
115,110,4,2026-05-26 00:19:28
115,191,3,2026-06-11 03:12:56
116,144,4,2025-01-19 08:28:43
116,57,5,2025-04-02 15:50:31
116,69,4,2025-04-19 19:05:33
116,168,5,2025-04-23 16:37:11
116,80,4,2025-04-25 09:18:06
116,99,4,2025-05-07 13:18:20
116,194,3,2025-05-22 23:52:48
116,60,4,2025-06-05 23:58:23
116,131,4,2025-06-25 14:22:43
116,182,4,2025-07-18 10:06:54
116,130,4,2025-07-18 23:14:31
116,123,5,2025-07-28 05:45:58
116,166,3,2025-08-01 20:02:51
116,192,5,2025-08-17 03:58:10
116,152,5,2025-08-26 14:20:33
116,71,5,2025-09-02 13:34:01
116,75,4,2025-09-17 20:33:21
116,64,4,2025-10-07 02:35:00
116,160,5,2025-10-27 01:55:56
116,127,4,2025-11-13 02:52:22
116,44,5,2025-11-24 01:35:54
116,17,3,2025-12-04 19:02:02
116,120,4,2025-12-11 01:22:30
116,109,4,2025-12-12 20:42:41
116,137,5,2026-01-09 06:56:50
116,43,3,2026-01-29 08:20:14
116,30,4,2026-02-20 01:37:45
116,114,5,2026-02-22 22:15:26
116,53,4,2026-02-24 19:27:59
116,96,3,2026-03-29 19:30:22
116,7,5,2026-04-20 10:01:32
116,189,3,2026-04-25 15:41:53
116,18,4,2026-05-30 11:53:17
116,197,4,2026-06-01 20:55:59
117,126,3,2024-09-06 19:34:24
117,18,4,2024-09-14 15:27:00
117,198,4,2024-09-15 22:35:30
117,36,5,2024-12-02 09:09:48
117,75,4,2025-01-14 09:41:37
117,166,3,2025-01-22 07:44:21
117,121,2,2025-01-28 22:29:55
117,111,4,2025-01-29 09:36:08
117,109,4,2025-02-12 22:54:33
117,170,4,2025-02-24 07:55:54
117,3,2,2025-02-26 17:56:52
117,5,5,2025-03-07 20:16:42
117,30,3,2025-04-02 03:19:15
117,43,4,2025-04-17 10:05:02
117,24,5,2025-04-24 20:55:51
117,183,5,2025-05-22 23:17:08
117,37,3,2025-05-29 09:14:58
117,35,3,2025-06-10 08:39:54
117,140,4,2025-06-13 22:24:59
117,118,5,2025-06-28 16:24:48
117,91,4,2025-07-07 15:56:39
117,16,5,2025-07-16 01:01:11
117,105,3,2025-07-17 06:27:35
117,20,3,2025-07-20 07:40:28
117,200,4,2025-07-25 04:49:59
117,64,5,2025-08-07 08:17:31
117,177,5,2025-08-08 17:15:07
117,86,4,2025-08-10 14:51:19
117,107,5,2025-08-31 00:39:49
117,45,3,2025-09-10 07:00:48
117,182,3,2025-09-27 19:09:10
117,34,5,2025-09-29 08:48:42
117,48,2,2025-10-10 06:18:52
117,125,4,2025-10-29 13:45:02
117,97,5,2025-11-18 22:09:30
117,130,4,2025-12-19 02:41:02
117,54,4,2025-12-26 14:27:06
117,147,4,2025-12-27 00:05:04
117,53,4,2026-01-07 02:25:48
117,115,4,2026-01-31 03:07:30
117,41,3,2026-02-13 16:09:39
117,178,5,2026-02-17 22:53:29
117,191,3,2026-03-03 06:24:44
117,65,4,2026-03-16 18:56:55
117,174,3,2026-03-21 23:19:08
117,100,5,2026-04-19 20:30:40
117,179,5,2026-05-06 09:18:07
117,106,5,2026-05-13 11:45:17
117,28,5,2026-05-29 23:43:52
117,184,5,2026-06-07 05:49:23
117,108,3,2026-06-14 09:58:39
117,73,4,2026-06-15 15:18:20
118,75,4,2024-06-12 16:21:51
118,86,3,2024-06-21 01:51:59
118,189,2,2024-08-01 08:07:54
118,134,3,2024-08-03 07:38:23
118,114,3,2024-08-07 19:53:17
118,149,4,2024-08-13 17:42:39
118,191,3,2024-09-18 15:13:28
118,64,3,2024-09-26 03:14:01
118,180,3,2024-10-30 16:28:47
118,88,2,2024-11-23 10:12:28
118,54,2,2024-11-25 16:59:59
118,110,2,2024-11-28 07:48:59
118,123,3,2025-01-10 21:44:26
118,50,3,2025-01-11 23:46:59
118,182,4,2025-03-07 11:07:15
118,73,5,2025-04-04 00:40:04
118,39,5,2025-04-08 03:21:07
118,122,3,2025-05-03 16:29:26
118,30,3,2025-05-16 12:43:04
118,68,3,2025-05-27 00:01:42
118,159,4,2025-06-12 11:57:51
118,48,4,2025-06-18 07:31:55
118,57,3,2025-07-02 15:04:10
118,87,3,2025-07-09 11:28:51
118,119,4,2025-07-12 05:41:16
118,94,4,2025-07-17 22:39:46
118,130,3,2025-07-23 00:28:51
118,65,3,2025-08-31 10:32:23
118,198,3,2025-09-23 09:57:27
118,190,3,2025-09-30 09:42:30
118,132,2,2025-10-02 02:14:00
118,13,3,2025-11-04 02:35:43
118,137,5,2025-11-04 10:48:37
118,185,5,2025-11-24 04:36:07
118,45,5,2025-12-01 01:43:12
118,10,2,2025-12-06 09:04:16
118,74,3,2025-12-22 19:53:12
118,148,5,2025-12-23 09:12:59
118,55,3,2026-01-08 12:36:40
118,103,3,2026-01-19 06:04:06
118,34,3,2026-02-11 18:01:50
118,101,4,2026-02-22 00:10:12
118,102,3,2026-03-31 03:42:36
118,143,4,2026-04-12 14:48:42
118,166,3,2026-04-25 02:08:02
118,125,5,2026-04-25 15:45:00
118,99,2,2026-04-30 17:54:24
119,191,4,2023-11-10 06:20:49
119,140,4,2023-12-04 02:00:55
119,182,4,2024-01-04 11:39:42
119,106,5,2024-01-11 08:54:42
119,42,3,2024-01-26 01:38:24
119,108,2,2024-02-13 18:08:34
119,101,5,2024-02-16 14:40:15
119,84,4,2024-03-01 05:07:47
119,47,4,2024-03-18 22:24:11
119,190,3,2024-03-23 17:50:17
119,52,5,2024-05-26 16:40:21
119,125,4,2024-07-18 20:08:13
119,177,4,2024-08-01 01:12:41
119,189,1,2024-08-07 16:59:20
119,193,3,2024-09-06 19:38:25
119,162,4,2024-09-18 05:43:56
119,132,5,2024-10-20 18:37:18
119,198,3,2024-12-21 12:27:59
119,56,4,2025-01-22 00:30:27
119,118,4,2025-04-20 14:21:20
119,100,4,2025-06-04 00:57:12
119,185,4,2025-06-10 11:09:16
119,85,4,2025-06-30 05:44:59
119,152,3,2025-07-15 13:16:39
119,107,4,2025-07-24 21:38:39
119,45,4,2025-08-18 12:14:53
119,41,5,2025-08-30 19:35:55
119,97,3,2025-11-10 17:30:27
119,145,2,2025-11-12 20:33:11
119,121,2,2025-11-13 11:40:31
119,154,3,2025-12-18 04:25:54
119,183,5,2025-12-27 22:27:38
119,112,3,2026-02-13 13:29:25
119,99,5,2026-02-17 21:44:28
119,69,3,2026-02-18 02:45:55
119,149,4,2026-02-20 01:29:49
119,109,5,2026-03-01 04:29:54
119,33,3,2026-03-03 16:51:13
119,25,5,2026-03-13 02:45:59
119,63,3,2026-04-05 16:18:55
119,3,3,2026-04-13 20:01:53
119,31,4,2026-04-14 02:12:43
119,43,2,2026-06-07 09:37:48
119,75,3,2026-06-11 18:24:51
119,130,4,2026-06-18 14:23:09
120,178,4,2022-04-02 04:11:05
120,85,3,2022-04-13 20:31:54
120,158,5,2022-06-10 01:43:27
120,130,3,2022-07-28 22:48:57
120,176,4,2022-10-29 10:26:47
120,141,5,2022-12-19 17:27:43
120,191,4,2022-12-30 00:50:49
120,189,2,2023-02-22 14:19:57
120,188,5,2023-04-30 06:55:43
120,121,3,2023-05-30 22:23:24
120,76,5,2023-06-06 22:38:31
120,125,4,2023-07-04 15:00:57
120,86,4,2023-07-06 16:39:08
120,64,3,2023-07-07 17:43:28
120,106,2,2023-07-31 08:28:14
120,3,3,2023-09-04 06:36:26
120,45,3,2023-09-29 01:02:38
120,108,4,2023-12-06 16:41:02
120,57,2,2024-04-10 11:48:02
120,166,4,2024-05-02 07:10:43
120,182,3,2024-05-04 05:22:48
120,98,3,2024-05-14 15:35:28
120,136,3,2024-05-23 08:36:40
120,140,5,2024-05-25 17:56:57
120,48,2,2024-07-06 23:41:10
120,143,2,2024-08-14 23:07:43
120,1,3,2024-12-05 20:50:49
120,109,4,2025-04-15 17:09:50
120,146,3,2025-04-22 10:57:39
120,60,3,2025-05-21 18:06:16
120,147,4,2025-05-23 07:51:12
120,159,3,2025-07-02 16:53:54
120,190,3,2025-07-11 09:17:18
120,181,3,2025-07-30 07:21:30
120,33,3,2025-08-06 20:03:37
120,200,5,2025-09-01 00:25:11
120,7,4,2025-11-04 03:20:24
120,32,5,2025-11-06 11:39:59
120,20,4,2025-12-03 18:41:18
120,26,4,2026-04-24 12:51:05
120,128,3,2026-05-07 20:41:09
120,96,4,2026-05-11 06:36:46
120,41,3,2026-05-17 03:30:20
120,177,4,2026-05-29 02:17:15
120,144,3,2026-06-12 10:14:30
120,198,4,2026-06-14 15:00:19
121,6,3,2024-09-20 22:10:55
121,170,3,2024-11-06 18:14:27
121,63,4,2024-11-20 17:36:10
121,173,4,2024-12-01 06:48:40
121,16,5,2024-12-04 14:07:26
121,177,5,2024-12-19 22:55:45
121,18,4,2025-01-11 16:25:16
121,13,4,2025-01-28 16:25:48
121,75,4,2025-02-15 07:38:09
121,86,4,2025-02-27 07:42:27
121,136,4,2025-03-01 15:50:43
121,20,3,2025-04-19 07:14:27
121,193,3,2025-04-23 11:13:42
121,166,3,2025-05-31 12:27:30
121,59,4,2025-06-08 16:34:52
121,33,3,2025-06-16 14:06:24
121,176,4,2025-06-19 07:39:52
121,64,4,2025-07-08 03:25:23
121,109,4,2025-08-04 04:29:20
121,97,4,2025-08-14 15:39:17
121,190,4,2025-08-25 05:41:35
121,117,2,2025-09-26 18:00:21
121,28,5,2025-11-17 10:06:10
121,71,3,2025-11-26 03:26:06
121,162,3,2025-12-04 15:37:04
121,85,5,2025-12-13 06:58:38
121,35,2,2025-12-28 15:10:18
121,121,2,2026-01-13 07:53:05
121,158,4,2026-01-29 18:25:03
121,178,5,2026-03-30 02:17:57
121,189,3,2026-05-09 01:29:09
121,70,3,2026-06-23 08:22:35
122,125,4,2022-09-14 00:12:29
122,147,3,2022-09-20 16:34:56
122,7,3,2022-11-04 18:10:45
122,73,4,2023-01-07 14:18:58
122,143,3,2023-01-12 10:22:55
122,132,5,2023-01-12 10:36:26
122,87,3,2023-03-05 15:44:19
122,159,4,2023-04-13 00:19:57
122,195,3,2023-06-11 04:51:07
122,74,3,2023-06-20 23:45:05
122,197,4,2023-07-15 10:25:40
122,8,3,2023-09-08 11:21:49
122,113,3,2023-10-28 17:21:12
122,109,5,2023-11-04 17:32:44
122,37,4,2023-12-29 08:32:15
122,3,3,2024-01-30 02:22:16
122,16,3,2024-04-10 12:33:52
122,67,4,2024-04-11 19:31:28
122,97,3,2024-05-03 18:56:25
122,183,3,2024-05-22 09:12:12
122,33,2,2024-05-25 00:51:13
122,151,5,2024-05-26 18:20:45
122,114,4,2024-09-01 22:49:23
122,45,4,2024-09-21 02:48:42
122,166,4,2024-12-16 01:06:31
122,107,3,2024-12-25 06:01:08
122,174,3,2025-01-15 05:41:11
122,136,4,2025-01-17 13:17:46
122,63,4,2025-03-31 01:47:59
122,86,3,2025-06-03 22:52:53
122,59,3,2025-07-05 18:02:09
122,105,4,2025-09-26 06:07:18
122,77,3,2025-09-27 07:30:26
122,184,4,2025-11-05 10:16:27
122,48,2,2025-11-11 18:02:21
122,190,4,2026-02-11 22:05:30
122,130,4,2026-02-14 00:24:52
122,149,2,2026-03-08 20:51:26
122,70,2,2026-03-20 20:44:56
122,177,4,2026-04-22 03:35:22
122,64,4,2026-05-10 22:40:07
122,99,3,2026-06-08 08:04:44
123,64,3,2023-06-28 09:47:25
123,98,4,2023-09-02 15:28:25
123,60,4,2023-09-04 22:00:13
123,30,4,2023-10-04 08:17:46
123,43,3,2023-10-16 18:44:27
123,176,4,2023-10-23 01:48:30
123,48,3,2024-02-08 02:07:52
123,183,4,2024-04-19 23:02:43
123,111,5,2024-05-12 17:40:42
123,118,3,2024-05-16 09:00:58
123,4,3,2024-05-30 01:54:29
123,186,3,2024-07-07 06:48:28
123,20,3,2024-08-16 12:57:08
123,200,4,2024-08-16 20:42:01
123,124,4,2024-08-20 15:33:03
123,136,4,2024-08-20 18:44:10
123,45,5,2024-12-20 03:16:02
123,191,4,2025-01-31 06:46:32
123,33,3,2025-02-11 01:03:02
123,127,4,2025-03-03 17:26:26
123,154,4,2025-05-10 20:00:31
123,143,4,2025-05-19 13:27:12
123,18,3,2025-06-03 07:44:05
123,134,3,2025-06-15 01:19:18
123,189,2,2025-06-16 05:45:22
123,114,4,2025-07-20 08:04:08
123,87,2,2025-08-08 12:25:47
123,122,5,2025-08-08 22:37:51
123,123,3,2025-09-21 22:14:25
123,32,3,2025-09-30 22:45:13
123,7,5,2025-11-08 02:57:45
123,161,4,2026-03-19 10:04:16
123,73,5,2026-04-04 13:48:04
123,177,4,2026-05-15 17:21:17
123,166,3,2026-05-23 06:31:25
123,185,3,2026-06-15 02:25:00
124,29,3,2022-06-23 18:32:30
124,181,3,2022-07-20 18:23:55
124,113,3,2022-09-11 02:20:40
124,182,3,2022-09-16 18:43:58
124,141,4,2022-12-29 15:28:26
124,185,3,2023-02-22 22:28:49
124,58,4,2023-03-01 07:18:04
124,194,3,2023-03-06 15:17:07
124,144,3,2023-03-09 14:07:37
124,152,2,2023-04-30 03:37:53
124,162,3,2023-05-06 08:38:12
124,125,4,2023-05-11 09:54:49
124,57,2,2023-08-12 23:11:44
124,76,4,2023-10-07 23:10:25
124,80,3,2023-10-10 22:49:26
124,130,1,2023-11-14 18:32:29
124,110,5,2024-01-05 15:14:58
124,21,4,2024-01-13 07:26:30
124,180,5,2024-03-07 14:39:49
124,20,3,2024-07-22 01:08:09
124,188,4,2024-10-07 15:59:00
124,45,3,2024-10-16 00:06:12
124,87,2,2024-10-23 02:19:34
124,85,2,2024-11-23 06:25:12
124,136,4,2024-11-25 05:31:53
124,64,1,2025-02-20 01:59:20
124,143,2,2025-04-15 05:01:43
124,131,5,2025-04-25 22:15:11
124,166,3,2025-06-03 02:07:06
124,124,3,2025-08-10 01:48:43
124,41,3,2025-08-20 03:20:22
124,153,5,2025-08-30 03:21:53
124,165,3,2025-09-12 14:37:19
124,90,4,2025-09-18 16:40:19
124,189,5,2025-09-27 22:44:57
124,121,2,2025-10-09 14:17:26
124,168,4,2025-10-22 23:59:24
124,147,2,2026-01-03 19:08:59
124,98,3,2026-01-05 08:22:33
124,3,2,2026-01-21 22:34:14
124,159,4,2026-06-21 13:17:44
125,117,2,2022-06-05 05:14:37
125,17,4,2022-07-10 16:30:55
125,147,3,2022-08-28 04:44:11
125,128,2,2022-10-18 18:46:49
125,136,2,2022-11-09 20:46:00
125,35,4,2023-01-18 23:08:52
125,143,3,2023-01-22 16:22:09
125,122,4,2023-02-21 19:47:55
125,185,5,2023-04-23 22:49:40
125,57,4,2023-04-29 15:48:41
125,30,4,2023-09-21 08:34:47
125,64,1,2024-03-24 21:50:10
125,137,5,2024-05-30 13:32:09
125,191,3,2025-02-11 00:13:24
125,50,4,2025-03-26 00:41:57
125,123,4,2025-04-11 08:24:03
125,189,3,2025-04-14 13:47:35
125,111,3,2025-07-11 01:44:26
125,114,3,2025-10-09 08:45:09
125,62,4,2025-10-11 09:01:11
125,182,5,2025-11-03 18:24:49
125,45,4,2026-01-20 01:03:54
125,8,4,2026-01-27 17:21:33
125,170,4,2026-03-06 03:58:23
125,7,3,2026-03-07 22:47:15
125,75,4,2026-03-30 05:34:53
126,176,5,2021-09-25 09:36:47
126,88,3,2021-12-17 14:34:42
126,33,4,2022-01-14 11:23:18
126,73,4,2022-04-18 15:26:51
126,25,4,2022-04-25 14:24:19
126,80,5,2022-05-18 03:27:29
126,86,4,2022-05-18 21:02:55
126,75,3,2022-06-14 12:47:07
126,107,5,2022-08-25 05:11:01
126,133,5,2022-11-09 13:39:59
126,111,5,2023-02-15 18:38:09
126,64,3,2023-02-25 15:11:40
126,159,5,2023-05-17 21:02:13
126,2,3,2023-05-25 14:10:37
126,198,2,2023-08-16 16:31:27
126,121,4,2023-09-14 17:55:17
126,143,3,2023-09-18 18:12:17
126,62,5,2023-11-01 14:10:16
126,60,5,2023-12-04 04:07:21
126,96,5,2024-03-08 17:18:13
126,112,5,2024-03-23 13:58:11
126,119,4,2024-03-24 17:29:38
126,177,4,2024-03-27 16:13:14
126,63,5,2024-05-15 21:49:23
126,181,4,2024-10-11 18:26:12
126,41,4,2024-12-23 05:32:30
126,10,1,2024-12-27 23:48:24
126,152,3,2025-01-26 11:48:08
126,67,3,2025-02-11 06:11:24
126,129,4,2025-02-28 03:40:18
126,92,5,2025-03-05 06:56:38
126,50,3,2025-06-09 13:46:45
126,180,5,2025-07-13 20:27:55
126,45,3,2025-07-21 23:19:43
126,189,4,2025-07-23 17:47:21
126,191,5,2025-10-20 03:54:05
126,125,5,2025-11-03 12:09:31
126,7,4,2026-01-02 16:03:10
126,132,3,2026-02-21 12:10:46
126,162,4,2026-04-09 20:35:32
126,127,5,2026-04-22 01:51:41
127,143,3,2025-05-02 21:27:34
127,185,4,2025-05-03 16:15:44
127,182,4,2025-05-06 02:33:10
127,29,4,2025-05-28 12:27:53
127,147,4,2025-06-06 20:05:52
127,99,2,2025-06-06 22:38:15
127,24,3,2025-06-24 23:47:20
127,115,5,2025-07-14 17:38:02
127,88,2,2025-07-18 00:03:18
127,189,2,2025-07-21 17:41:55
127,30,5,2025-08-01 07:22:35
127,127,5,2025-08-13 23:16:20
127,129,3,2025-08-26 09:22:09
127,55,1,2025-09-03 12:36:31
127,120,2,2025-09-21 23:58:51
127,86,4,2025-10-21 16:03:50
127,149,3,2025-11-09 15:50:02
127,198,4,2025-11-12 19:47:27
127,75,4,2025-11-17 03:50:55
127,119,4,2025-11-17 11:43:53
127,176,4,2025-11-25 06:21:37
127,19,4,2025-11-30 17:16:21
127,7,4,2025-12-01 15:15:33
127,37,2,2025-12-04 08:56:18
127,113,5,2025-12-10 07:19:38
127,111,4,2025-12-17 19:59:00
127,33,4,2025-12-23 01:46:05
127,154,3,2026-01-03 18:25:58
127,64,4,2026-01-04 10:03:22
127,71,3,2026-01-11 00:19:22
127,45,3,2026-01-17 07:10:40
127,18,3,2026-01-17 11:39:07
127,178,5,2026-01-27 04:57:30
127,179,4,2026-02-01 16:27:27
127,124,4,2026-02-02 15:12:12
127,159,5,2026-02-04 22:32:44
127,57,4,2026-02-05 21:08:18
127,62,4,2026-02-09 06:20:17
127,199,3,2026-02-13 07:55:25
127,130,3,2026-02-28 00:41:16
127,191,4,2026-03-18 22:31:19
127,183,4,2026-03-23 18:25:25
127,132,2,2026-04-09 19:00:33
127,157,4,2026-04-15 21:03:19
127,48,4,2026-04-18 21:25:02
127,79,3,2026-04-20 00:09:18
127,72,4,2026-04-30 05:32:50
127,125,4,2026-05-13 07:17:19
127,93,3,2026-05-26 23:02:43
127,21,4,2026-06-05 11:20:54
127,166,3,2026-06-22 11:31:37
127,92,4,2026-06-24 10:09:02
128,200,4,2021-09-28 08:21:06
128,30,2,2021-11-28 11:56:13
128,67,3,2021-12-22 20:42:15
128,145,2,2022-01-03 18:13:18
128,140,5,2022-02-20 22:02:40
128,151,2,2022-03-28 17:17:20
128,93,4,2022-04-12 11:21:32
128,125,4,2022-05-01 17:12:54
128,75,2,2022-07-17 11:33:38
128,131,5,2022-08-27 20:53:55
128,173,3,2022-09-05 02:42:59
128,189,3,2022-12-07 13:15:51
128,166,2,2023-01-08 03:35:01
128,81,3,2023-02-02 05:30:59
128,124,4,2023-02-05 20:26:46
128,71,2,2023-03-09 07:07:39
128,130,2,2023-05-31 14:39:15
128,135,2,2023-09-01 23:36:25
128,45,5,2024-01-05 05:54:32
128,64,3,2024-03-25 00:21:37
128,165,4,2024-08-31 00:54:42
128,102,4,2024-09-27 18:52:27
128,127,3,2024-10-27 18:52:55
128,107,4,2024-11-09 21:33:03
128,76,5,2024-11-23 23:12:35
128,1,2,2024-12-08 10:50:14
128,118,3,2025-01-11 11:34:53
128,178,4,2025-09-09 03:19:50
128,147,3,2025-09-14 05:10:51
128,111,4,2026-06-01 06:38:28
129,37,4,2021-06-06 13:05:22
129,130,4,2021-07-03 16:53:38
129,152,3,2021-07-15 03:13:16
129,182,4,2021-07-30 18:58:21
129,47,4,2021-08-15 11:19:41
129,178,4,2021-08-18 01:22:19
129,170,4,2021-10-11 23:38:00
129,86,3,2021-11-01 19:36:22
129,165,5,2021-11-23 12:48:22
129,64,3,2022-01-31 17:24:08
129,123,4,2022-03-13 18:22:18
129,25,4,2022-03-26 00:13:11
129,161,4,2022-04-30 23:51:27
129,103,4,2022-06-17 01:18:13
129,44,2,2022-07-19 19:00:56
129,147,5,2022-07-20 05:49:35
129,102,4,2022-08-08 08:14:58
129,45,5,2022-09-24 15:05:03
129,52,5,2022-10-17 15:07:11
129,57,3,2022-11-13 01:09:33
129,164,3,2022-12-24 07:31:57
129,177,4,2023-01-24 18:37:47
129,119,4,2023-04-04 18:21:32
129,200,3,2023-06-05 23:05:47
129,198,4,2023-06-17 00:58:36
129,189,2,2023-08-17 07:13:32
129,34,5,2023-09-23 00:06:16
129,105,4,2023-09-26 01:57:45
129,107,3,2023-10-28 08:32:32
129,113,4,2024-01-02 08:32:12
129,85,5,2024-01-09 15:25:03
129,181,3,2024-02-26 05:30:15
129,133,3,2024-03-09 17:58:50
129,50,4,2024-04-12 12:23:05
129,140,4,2024-05-05 22:41:20
129,51,4,2024-05-08 18:32:07
129,41,3,2024-06-01 15:56:06
129,122,5,2024-08-05 09:14:22
129,154,3,2024-09-13 19:25:47
129,148,5,2024-11-12 00:04:09
129,168,3,2024-11-27 11:26:52
129,126,3,2025-01-22 16:49:22
129,67,4,2025-02-27 18:17:06
129,151,3,2025-03-26 14:38:39
129,149,4,2025-07-31 07:09:52
129,48,3,2025-09-27 15:52:24
129,99,5,2025-10-01 07:33:02
129,191,4,2025-10-17 03:45:41
129,155,5,2025-11-22 08:00:54
129,118,4,2026-01-14 12:23:23
129,18,5,2026-02-03 07:54:19
129,166,3,2026-02-17 23:23:54
129,114,2,2026-03-21 16:00:30
129,143,4,2026-04-02 21:19:58
129,92,3,2026-05-23 17:18:45
130,189,4,2025-04-28 17:49:33
130,157,3,2025-05-15 11:48:12
130,67,2,2025-05-18 10:49:37
130,123,4,2025-06-09 18:54:54
130,45,3,2025-07-16 21:54:15
130,132,4,2025-08-07 07:02:57
130,41,3,2025-08-07 08:50:59
130,121,1,2025-08-10 20:53:15
130,89,4,2025-09-27 04:45:32
130,3,2,2025-09-30 21:26:09
130,48,2,2025-10-03 08:56:07
130,17,3,2025-10-08 08:09:30
130,130,4,2025-10-16 16:26:32
130,109,3,2025-10-18 13:37:44
130,55,4,2025-10-21 12:38:24
130,143,2,2025-10-27 08:24:19
130,162,4,2025-11-16 01:13:54
130,101,2,2025-11-25 16:43:12
130,166,2,2025-11-28 14:46:13
130,98,2,2026-01-05 19:53:46
130,200,3,2026-01-19 07:53:43
130,136,2,2026-01-21 11:13:19
130,10,2,2026-01-30 16:26:42
130,193,2,2026-02-10 18:01:43
130,140,3,2026-03-12 22:01:27
130,93,3,2026-03-29 18:01:42
130,153,3,2026-04-08 06:48:18
130,181,2,2026-04-20 10:19:16
130,2,2,2026-04-21 14:46:59
130,131,4,2026-04-28 00:29:43
130,163,3,2026-05-11 05:26:11
130,151,4,2026-05-28 02:54:48
131,44,4,2023-09-04 13:55:40
131,62,3,2023-09-18 16:17:26
131,191,2,2023-09-28 06:57:18
131,185,3,2023-11-30 23:34:21
131,34,3,2024-03-05 19:36:17
131,179,4,2024-03-25 19:37:34
131,133,3,2024-05-23 23:29:06
131,130,3,2024-06-02 06:20:10
131,168,3,2024-06-13 04:08:26
131,14,2,2024-11-05 02:58:56
131,173,3,2024-12-01 16:14:28
131,12,3,2024-12-25 20:13:22
131,178,4,2024-12-30 14:42:12
131,197,4,2025-06-29 15:47:39
131,86,4,2025-07-16 11:27:28
131,74,2,2025-08-01 07:27:22
131,186,3,2025-11-10 18:57:11
131,159,5,2025-11-26 12:49:31
131,119,3,2026-01-01 02:22:14
131,32,3,2026-01-27 10:33:34
131,65,3,2026-01-28 01:51:57
131,132,2,2026-02-08 06:45:21
131,114,3,2026-02-17 05:38:55
131,126,3,2026-03-18 22:54:40
131,63,4,2026-03-30 12:02:23
131,57,4,2026-05-22 08:01:53
131,113,4,2026-06-24 06:29:53
132,102,4,2022-12-29 18:08:23
132,143,3,2023-01-08 09:52:21
132,141,5,2023-01-30 06:22:32
132,73,5,2023-03-04 08:11:10
132,52,4,2023-05-08 02:11:51
132,147,4,2023-05-13 12:23:26
132,198,4,2023-07-26 20:00:46
132,41,4,2023-07-30 09:24:02
132,189,4,2023-09-14 07:29:50
132,124,4,2023-10-17 04:45:26
132,178,4,2024-08-15 14:26:18
132,132,3,2025-01-03 09:15:12
132,57,3,2025-01-20 10:20:10
132,163,5,2025-01-24 05:55:54
132,116,2,2025-09-02 02:02:04
132,75,3,2025-09-23 13:30:00
132,45,5,2025-10-21 01:13:08
132,166,3,2025-12-27 22:50:18
132,195,4,2026-01-07 20:54:04
132,48,4,2026-01-10 04:40:14
132,136,5,2026-02-10 19:07:04
132,107,4,2026-05-05 06:03:02
132,10,4,2026-06-11 19:05:17
132,3,3,2026-06-27 20:44:19
133,131,5,2024-04-29 00:42:27
133,155,5,2024-04-30 13:28:35
133,194,3,2024-06-14 16:17:22
133,64,4,2024-06-17 09:42:57
133,118,2,2024-06-21 18:01:00
133,2,1,2024-08-02 00:10:49
133,48,1,2024-08-08 15:36:07
133,197,5,2024-09-25 06:28:01
133,145,4,2024-10-10 18:52:21
133,177,4,2024-10-30 20:53:30
133,26,3,2024-11-03 08:50:12
133,15,5,2024-11-16 15:40:03
133,130,4,2024-12-03 19:53:01
133,162,5,2024-12-22 01:16:16
133,114,3,2025-01-03 01:12:46
133,68,3,2025-01-13 00:46:52
133,144,3,2025-01-31 23:40:35
133,34,5,2025-02-25 13:46:31
133,47,5,2025-03-03 10:15:22
133,20,2,2025-03-20 00:14:17
133,97,4,2025-03-28 10:00:33
133,136,3,2025-04-13 17:17:20
133,157,5,2025-04-22 22:03:43
133,55,5,2025-05-08 09:35:07
133,16,5,2025-05-29 22:31:25
133,166,4,2025-07-22 06:39:25
133,176,3,2025-08-23 13:33:09
133,182,3,2025-08-25 22:47:38
133,99,3,2025-09-03 21:58:14
133,22,4,2025-09-13 20:32:03
133,41,5,2025-09-16 01:37:32
133,189,5,2025-10-09 08:24:13
133,199,3,2025-10-25 05:29:24
133,109,4,2025-11-05 17:38:59
133,120,3,2025-11-13 22:21:11
133,200,3,2025-12-28 23:03:23
133,195,5,2026-01-23 19:27:31
133,75,3,2026-02-03 14:28:18
133,153,5,2026-02-13 00:28:08
133,154,3,2026-02-20 00:37:23
133,186,2,2026-04-22 13:04:51
133,67,4,2026-05-04 01:52:53
133,85,5,2026-05-30 12:15:08
134,50,3,2022-12-14 04:32:40
134,130,4,2023-01-21 11:01:44
134,122,3,2023-03-11 19:11:42
134,34,5,2023-05-15 00:45:09
134,86,3,2023-06-05 16:52:27
134,195,3,2023-06-16 07:53:08
134,173,4,2023-09-27 01:55:31
134,125,4,2023-10-21 00:41:49
134,154,3,2023-10-23 21:02:13
134,120,3,2023-11-14 00:22:49
134,75,3,2023-12-11 21:42:20
134,133,2,2024-02-20 04:14:15
134,132,3,2024-02-25 02:47:08
134,64,4,2024-03-07 13:55:22
134,189,2,2024-07-08 16:21:53
134,136,3,2024-07-13 03:41:50
134,87,3,2024-08-14 09:49:57
134,18,4,2024-09-20 07:45:22
134,10,3,2024-12-02 13:14:13
134,149,2,2025-02-06 14:58:52
134,157,5,2025-02-07 21:03:35
134,143,2,2025-03-05 00:33:25
134,48,3,2025-05-14 02:53:44
134,182,3,2025-08-02 12:08:54
134,194,2,2025-08-25 20:41:54
134,121,1,2025-10-04 15:13:45
134,71,3,2025-11-05 21:21:33
134,57,2,2025-12-29 16:24:35
134,165,2,2026-03-17 19:25:44
134,97,4,2026-03-30 14:14:19
134,115,3,2026-04-05 00:15:06
134,74,3,2026-04-13 23:59:12
134,7,4,2026-05-16 00:51:44
134,41,3,2026-05-29 16:20:25
134,186,3,2026-05-31 13:40:49
134,4,3,2026-06-25 05:15:04
135,181,4,2021-10-02 23:06:55
135,48,3,2021-10-13 18:42:35
135,191,2,2021-10-23 23:25:08
135,166,2,2022-01-10 20:58:26
135,127,4,2022-01-22 01:51:43
135,64,2,2022-03-27 14:36:05
135,151,3,2022-08-29 00:58:34
135,180,3,2023-01-30 21:59:02
135,114,5,2023-02-15 22:02:16
135,159,4,2023-04-05 00:43:17
135,34,4,2023-04-25 01:37:56
135,130,4,2023-06-21 11:28:58
135,89,3,2023-09-12 17:25:03
135,193,3,2023-09-21 03:43:27
135,123,3,2024-02-19 19:27:04
135,113,4,2024-04-25 17:26:23
135,19,2,2024-07-01 14:02:42
135,195,4,2024-08-12 15:39:07
135,182,3,2024-08-18 13:44:22
135,57,3,2024-09-06 05:16:41
135,25,4,2025-02-12 18:00:15
135,131,4,2025-08-08 16:18:14
135,152,3,2025-08-10 10:59:15
135,65,3,2025-08-31 01:44:10
135,183,5,2025-11-13 03:50:36
135,99,5,2026-02-22 18:23:49
135,54,3,2026-03-11 14:49:17
135,189,3,2026-05-03 17:18:05
135,144,3,2026-05-28 14:33:30
135,121,2,2026-06-21 22:20:39
136,30,4,2024-04-27 06:03:00
136,50,3,2024-05-13 08:51:18
136,137,4,2024-06-14 02:40:22
136,198,4,2024-07-04 13:13:15
136,52,4,2024-07-08 20:34:21
136,157,4,2024-08-05 00:15:15
136,186,3,2024-08-07 00:21:28
136,182,3,2024-08-08 15:06:21
136,18,2,2024-08-18 23:35:30
136,176,3,2024-09-02 19:24:07
136,141,5,2024-10-24 21:44:06
136,147,3,2024-11-16 20:03:21
136,185,4,2024-11-25 07:52:19
136,89,3,2024-12-05 12:56:33
136,12,4,2025-01-03 22:18:42
136,143,2,2025-01-06 18:26:02
136,140,5,2025-01-18 11:09:05
136,10,4,2025-01-28 11:49:43
136,3,2,2025-01-30 12:31:03
136,49,5,2025-03-05 05:57:38
136,20,4,2025-04-21 06:37:16
136,126,4,2025-05-24 17:45:11
136,51,4,2025-08-15 21:29:21
136,44,4,2025-09-02 17:30:30
136,144,4,2025-09-15 18:11:04
136,79,2,2025-10-24 22:47:48
136,191,3,2025-11-17 09:46:49
136,114,3,2025-12-10 08:03:54
136,75,2,2026-02-05 00:44:58
136,177,4,2026-02-18 23:25:13
136,83,3,2026-02-24 08:25:48
136,81,3,2026-03-04 09:53:49
136,200,4,2026-03-04 15:42:48
136,45,2,2026-03-24 10:26:44
136,112,3,2026-04-09 06:02:14
136,192,4,2026-05-27 07:21:14
136,136,4,2026-06-10 07:11:13
137,17,5,2021-10-26 09:41:05
137,45,4,2021-10-27 05:58:52
137,181,4,2021-12-24 23:12:22
137,132,2,2022-01-07 01:12:38
137,52,4,2022-01-17 11:33:28
137,149,4,2022-02-10 18:14:32
137,18,1,2022-04-07 02:28:55
137,153,5,2022-11-05 07:58:22
137,151,3,2022-11-30 11:45:29
137,143,4,2022-12-30 12:03:29
137,81,3,2023-01-23 14:10:22
137,3,3,2023-07-07 19:06:42
137,86,3,2023-09-02 12:35:39
137,99,4,2024-01-14 05:50:48
137,147,4,2024-01-17 12:45:21
137,88,3,2024-02-17 02:23:15
137,195,5,2024-06-16 14:32:28
137,196,2,2024-06-17 20:12:09
137,198,2,2024-07-17 23:45:11
137,163,4,2024-10-10 03:27:38
137,8,4,2024-12-31 12:54:58
137,9,3,2025-03-18 10:25:25
137,28,2,2025-04-03 06:18:53
137,122,4,2025-04-24 21:57:06
137,55,3,2025-08-20 15:33:24
137,47,5,2025-09-09 20:10:14
137,119,4,2025-10-19 14:15:10
137,166,4,2025-11-04 00:21:13
137,114,3,2025-11-27 05:47:05
137,191,4,2026-02-18 16:41:47
138,146,4,2023-07-06 05:51:27
138,160,3,2023-08-25 06:08:35
138,183,5,2023-09-04 23:20:34
138,144,4,2023-10-17 08:06:21
138,115,5,2023-11-01 07:55:35
138,106,5,2023-11-08 12:37:00
138,189,4,2023-12-25 15:02:08
138,113,4,2023-12-30 04:45:05
138,41,3,2024-02-03 15:47:10
138,125,4,2024-03-24 04:38:54
138,18,2,2024-05-18 14:45:05
138,33,3,2024-06-08 14:42:25
138,99,4,2024-09-16 08:49:52
138,188,3,2024-10-05 14:38:25
138,145,4,2024-11-08 02:20:49
138,34,3,2024-12-08 07:45:58
138,101,4,2025-01-25 12:42:03
138,162,3,2025-02-06 22:05:08
138,47,5,2025-04-30 18:18:39
138,97,3,2025-05-03 07:25:51
138,173,3,2025-05-20 10:54:35
138,11,5,2025-06-06 07:33:45
138,70,4,2025-09-03 00:15:36
138,182,2,2025-10-30 13:29:37
138,92,4,2025-11-16 02:56:28
138,123,3,2025-12-01 16:25:15
138,81,3,2025-12-23 19:45:14
138,166,3,2025-12-25 23:44:52
138,143,2,2026-01-30 15:34:30
138,36,3,2026-02-06 05:51:53
138,164,5,2026-02-17 00:39:48
138,178,5,2026-04-05 03:31:48
138,193,3,2026-06-24 19:19:24
139,143,1,2025-04-12 12:26:23
139,189,3,2025-04-16 16:44:13
139,30,3,2025-04-21 18:16:02
139,7,4,2025-04-24 14:06:35
139,28,2,2025-05-01 19:49:32
139,190,3,2025-06-01 09:12:12
139,60,2,2025-06-01 18:00:07
139,2,2,2025-06-03 22:45:01
139,140,3,2025-06-07 10:59:08
139,44,4,2025-06-10 05:09:00
139,68,4,2025-06-29 21:33:30
139,57,1,2025-07-15 15:20:50
139,184,4,2025-07-27 08:58:05
139,109,2,2025-08-12 01:39:26
139,182,2,2025-08-13 05:49:15
139,88,4,2025-08-17 09:00:05
139,176,3,2025-08-30 04:09:19
139,25,4,2025-09-27 05:56:22
139,91,4,2025-10-06 08:19:15
139,21,2,2025-10-30 17:26:19
139,173,2,2025-10-31 01:42:47
139,102,2,2025-11-13 06:03:31
139,64,3,2025-11-29 17:57:14
139,69,3,2025-12-04 13:17:31
139,81,3,2025-12-05 17:43:50
139,181,4,2025-12-11 02:21:01
139,62,2,2026-01-04 15:54:59
139,123,3,2026-01-10 13:19:17
139,157,3,2026-01-11 20:56:01
139,158,3,2026-01-27 17:25:54
139,41,3,2026-02-04 11:14:50
139,20,2,2026-03-01 18:50:32
139,36,3,2026-03-23 22:51:37
139,56,4,2026-04-09 00:53:33
139,200,3,2026-04-11 10:22:24
139,154,3,2026-04-13 06:41:16
139,177,3,2026-04-24 23:35:59
139,52,3,2026-05-09 07:34:55
139,37,2,2026-05-18 23:22:51
139,180,3,2026-06-01 00:49:06
139,115,5,2026-06-04 06:48:10
139,99,4,2026-06-10 01:59:30
139,171,3,2026-06-14 18:10:55
139,166,3,2026-06-16 17:45:02
139,125,5,2026-06-17 17:02:36
139,194,2,2026-06-28 12:25:25
140,33,2,2025-03-19 22:52:27
140,57,4,2025-03-23 03:12:01
140,87,3,2025-04-22 13:31:55
140,197,5,2025-05-11 21:55:08
140,124,3,2025-05-28 02:08:14
140,188,5,2025-06-01 03:17:54
140,154,4,2025-06-01 21:35:55
140,157,5,2025-06-16 09:45:51
140,82,4,2025-06-21 18:00:44
140,67,5,2025-06-26 16:24:26
140,190,4,2025-07-15 16:33:21
140,6,4,2025-07-18 02:42:51
140,178,5,2025-07-28 23:16:46
140,130,5,2025-08-02 19:07:43
140,99,5,2025-08-19 05:46:07
140,56,4,2025-09-04 03:15:30
140,165,4,2025-09-16 16:15:00
140,7,4,2025-10-19 21:35:48
140,97,5,2025-10-28 13:11:03
140,193,4,2025-11-02 07:29:43
140,160,4,2025-12-19 09:19:45
140,168,4,2026-01-03 23:20:17
140,126,4,2026-02-02 06:37:41
140,139,3,2026-02-26 02:58:41
140,173,5,2026-03-03 01:17:47
140,140,5,2026-03-17 08:43:39
140,34,5,2026-03-24 01:29:58
140,114,4,2026-04-13 14:19:23
140,122,4,2026-04-16 07:37:25
140,74,5,2026-04-18 06:30:28
140,162,3,2026-04-27 01:29:48
140,143,3,2026-05-12 15:00:25
140,183,5,2026-05-27 09:54:34
140,64,5,2026-06-02 23:43:36
140,12,4,2026-06-11 10:47:49
140,182,4,2026-06-13 11:31:48
140,29,3,2026-06-16 10:54:09
140,60,2,2026-06-19 22:46:51
140,59,4,2026-06-27 05:14:13
141,118,2,2022-09-17 12:05:09
141,97,3,2022-09-22 19:57:59
141,10,4,2022-11-14 03:13:23
141,96,5,2022-12-01 12:42:52
141,68,4,2022-12-27 15:47:37
141,129,3,2023-01-11 19:48:47
141,106,3,2023-03-24 01:36:52
141,109,3,2023-04-20 12:41:09
141,199,3,2023-05-28 21:45:24
141,74,3,2023-07-25 05:25:18
141,149,3,2023-09-26 20:31:12
141,73,5,2023-11-14 05:45:37
141,165,4,2023-11-16 14:42:56
141,147,5,2023-11-19 09:19:06
141,60,2,2023-11-24 05:29:14
141,7,4,2023-12-09 02:08:26
141,37,4,2024-01-20 18:34:00
141,21,4,2024-05-19 23:12:58
141,108,3,2024-07-06 15:14:20
141,189,1,2024-08-06 06:30:10
141,143,5,2024-09-02 15:35:38
141,161,5,2024-09-02 18:31:16
141,45,5,2024-09-08 12:22:10
141,11,2,2024-09-10 10:02:36
141,62,4,2024-09-11 08:07:20
141,52,4,2024-12-28 17:35:31
141,122,5,2025-01-12 11:22:18
141,124,3,2025-02-03 19:45:24
141,6,4,2025-03-30 08:08:30
141,76,4,2025-04-08 20:13:05
141,30,4,2025-04-23 01:10:49
141,102,4,2025-07-06 04:14:27
141,198,3,2025-07-23 08:22:05
141,20,3,2025-08-22 21:15:23
141,139,3,2025-09-01 15:38:51
141,140,5,2025-10-03 11:42:16
141,200,4,2025-11-22 04:20:41
141,177,4,2026-02-21 05:37:11
141,125,2,2026-04-07 21:19:02
141,114,3,2026-04-24 23:06:46
141,113,3,2026-05-23 22:01:40
141,26,4,2026-06-28 23:33:24
142,147,3,2024-08-02 05:00:52
142,43,3,2024-08-30 14:21:10
142,118,2,2024-09-05 09:22:59
142,64,3,2024-09-07 01:26:17
142,130,3,2024-09-20 15:52:07
142,137,4,2024-09-27 06:22:48
142,20,3,2024-09-30 02:03:05
142,189,3,2024-10-28 22:29:27
142,181,3,2024-11-19 22:09:45
142,131,3,2024-12-30 14:19:14
142,115,4,2025-01-02 11:22:20
142,182,4,2025-01-11 01:56:56
142,120,3,2025-02-22 21:39:33
142,121,2,2025-03-11 12:50:31
142,67,4,2025-07-22 02:52:00
142,140,5,2025-08-09 20:08:30
142,198,4,2025-08-14 22:03:23
142,30,3,2025-08-25 18:02:35
142,6,3,2025-09-17 16:33:58
142,7,3,2025-09-28 02:16:59
142,171,2,2025-11-09 19:29:30
142,200,3,2025-11-20 17:17:11
142,197,3,2026-01-06 15:14:28
142,96,4,2026-01-12 13:08:44
142,111,3,2026-01-21 05:14:03
142,127,3,2026-01-25 06:43:29
142,123,3,2026-02-05 21:44:48
142,191,3,2026-02-07 11:48:25
142,68,2,2026-03-01 04:16:25
142,190,3,2026-04-11 04:08:06
142,158,2,2026-04-16 13:31:43
142,141,5,2026-04-18 02:15:51
142,166,3,2026-04-23 13:53:32
142,89,3,2026-04-23 23:53:31
142,86,3,2026-06-17 10:26:33
142,71,4,2026-06-18 08:28:24
142,185,3,2026-06-24 10:02:34
143,197,5,2023-10-09 02:42:01
143,133,5,2023-11-11 15:31:14
143,111,5,2023-11-27 00:45:29
143,154,3,2023-12-05 08:44:15
143,134,3,2023-12-08 09:08:08
143,190,4,2024-01-01 11:30:35
143,130,4,2024-01-17 00:20:07
143,140,2,2024-01-24 10:42:32
143,151,3,2024-01-30 12:31:41
143,56,4,2024-03-20 08:11:54
143,115,4,2024-04-08 03:57:34
143,193,3,2024-06-21 15:54:52
143,122,4,2024-06-29 07:14:01
143,96,5,2024-07-20 08:58:49
143,171,4,2024-07-24 05:51:34
143,22,4,2024-09-09 06:59:32
143,144,5,2024-10-16 11:49:15
143,64,4,2024-11-19 03:05:34
143,7,4,2024-11-23 13:17:38
143,87,3,2024-12-14 20:15:52
143,159,5,2024-12-17 20:55:41
143,99,4,2024-12-28 10:25:41
143,86,4,2025-01-08 18:57:28
143,200,4,2025-01-14 00:41:03
143,35,4,2025-03-04 07:24:07
143,139,5,2025-03-05 01:49:37
143,143,2,2025-03-11 07:13:41
143,178,5,2025-04-02 15:36:00
143,30,4,2025-04-10 13:53:14
143,94,2,2025-05-01 03:32:40
143,136,4,2025-05-06 13:17:49
143,48,3,2025-05-12 11:47:12
143,75,4,2025-05-22 08:06:57
143,63,5,2025-05-26 17:00:38
143,43,4,2025-06-13 08:06:04
143,125,4,2025-06-25 00:02:56
143,189,3,2025-07-17 07:43:19
143,123,2,2025-10-04 04:51:56
143,150,4,2025-10-30 07:50:07
143,127,5,2025-11-11 23:27:25
143,45,3,2025-12-05 02:42:42
143,18,4,2025-12-17 08:58:57
143,70,3,2025-12-23 11:11:52
143,110,2,2026-01-21 18:50:13
143,167,3,2026-02-27 06:21:20
143,60,4,2026-03-01 20:24:41
143,114,4,2026-03-07 04:41:50
143,181,3,2026-03-23 13:01:01
143,180,3,2026-03-28 23:22:19
143,174,5,2026-04-07 07:05:33
143,107,5,2026-05-08 00:46:48
143,25,3,2026-05-08 14:19:04
143,183,5,2026-05-10 16:11:58
143,33,5,2026-05-16 15:51:45
143,198,4,2026-06-06 19:23:41
143,166,4,2026-06-13 16:51:14
144,139,3,2023-05-06 23:15:56
144,114,4,2023-06-16 10:54:23
144,81,3,2023-06-21 08:13:00
144,34,1,2023-09-02 04:37:22
144,154,3,2023-09-20 21:25:55
144,50,2,2023-10-22 21:31:47
144,164,2,2023-10-25 09:07:21
144,41,3,2023-11-27 21:15:39
144,170,2,2024-01-31 04:54:11
144,186,3,2024-05-08 06:02:23
144,163,3,2024-07-14 15:11:45
144,30,3,2024-08-10 03:46:30
144,135,4,2024-08-26 03:33:52
144,150,2,2024-08-27 18:03:26
144,151,4,2024-10-18 05:14:39
144,182,3,2024-12-06 02:23:08
144,56,2,2024-12-15 14:58:05
144,130,3,2024-12-19 06:58:43
144,95,3,2025-03-06 02:11:34
144,93,3,2025-03-19 04:04:34
144,63,2,2025-07-23 08:03:59
144,198,2,2025-08-30 05:30:36
144,181,2,2025-09-24 12:37:45
144,94,1,2025-10-02 11:50:09
144,166,1,2025-11-06 01:57:04
144,160,4,2026-01-08 10:06:32
144,200,3,2026-01-29 20:23:47
144,143,1,2026-04-06 07:41:33
145,61,2,2021-09-03 13:31:29
145,92,2,2021-10-21 23:37:08
145,65,2,2022-01-12 00:27:04
145,103,2,2022-01-24 12:37:08
145,175,3,2022-03-06 12:48:18
145,14,2,2022-05-10 19:25:23
145,123,2,2022-06-18 14:14:28
145,118,3,2022-10-05 02:24:25
145,18,2,2022-11-28 19:31:07
145,41,3,2023-03-11 08:37:02
145,183,4,2023-05-12 12:50:14
145,132,2,2023-09-19 04:00:51
145,6,3,2023-09-22 09:02:38
145,34,2,2023-10-13 06:45:48
145,200,4,2024-02-19 11:11:19
145,188,5,2024-03-04 11:05:33
145,147,3,2024-03-13 09:04:35
145,159,3,2024-06-02 09:31:43
145,45,3,2024-07-30 23:44:34
145,126,2,2024-08-05 14:06:53
145,140,5,2025-04-19 02:28:10
145,120,3,2025-07-09 15:28:42
145,149,2,2025-08-17 02:30:27
145,198,3,2025-10-21 10:58:50
145,26,5,2026-01-29 07:58:58
145,181,3,2026-02-10 18:22:43
145,87,2,2026-03-27 03:35:09
145,20,5,2026-05-06 22:17:27
145,107,3,2026-05-17 17:23:20
146,101,5,2022-10-23 15:14:25
146,149,4,2022-10-24 14:41:05
146,200,4,2022-12-10 00:35:41
146,177,4,2022-12-13 18:21:14
146,12,5,2022-12-27 20:45:28
146,119,5,2023-03-06 05:11:00
146,22,3,2023-04-27 18:44:45
146,50,3,2023-07-02 04:50:26
146,99,3,2023-07-27 03:40:12
146,86,4,2023-08-29 12:41:57
146,9,4,2023-09-15 16:55:21
146,182,5,2023-10-04 04:15:29
146,30,5,2023-12-01 16:14:06
146,118,4,2024-04-01 03:57:58
146,124,4,2024-08-23 04:42:12
146,31,5,2025-01-28 10:04:49
146,57,5,2025-04-30 11:32:46
146,185,5,2025-05-10 15:58:07
146,48,5,2025-06-22 08:55:51
146,158,5,2025-08-03 11:04:29
146,179,4,2025-09-14 20:04:40
146,176,4,2025-10-19 20:19:22
146,45,3,2026-05-03 19:09:53
147,117,3,2024-01-12 20:45:03
147,20,4,2024-03-03 18:06:32
147,166,4,2024-05-28 23:24:12
147,70,3,2024-06-12 00:34:23
147,79,1,2024-08-28 03:04:27
147,121,3,2024-10-14 21:40:35
147,130,3,2024-11-26 19:32:31
147,197,3,2025-01-06 19:26:31
147,53,3,2025-01-11 01:50:26
147,109,3,2025-03-09 17:34:15
147,81,3,2025-03-12 13:57:34
147,113,4,2025-03-17 01:51:09
147,181,4,2025-03-28 04:31:23
147,56,5,2025-03-29 08:21:52
147,190,3,2025-04-26 10:56:18
147,174,3,2025-06-26 18:25:52
147,193,4,2025-07-27 23:03:05
147,127,4,2025-08-02 02:43:50
147,99,4,2025-10-12 03:17:09
147,40,3,2025-11-01 00:25:37
147,133,4,2025-12-06 03:49:04
147,123,3,2025-12-09 02:54:31
147,64,2,2025-12-16 15:47:35
147,176,4,2026-01-12 14:19:33
147,183,4,2026-02-03 05:53:33
147,125,5,2026-02-09 11:28:44
147,189,3,2026-02-09 12:27:47
147,107,5,2026-02-22 16:43:59
147,87,3,2026-03-08 16:49:18
147,86,4,2026-03-08 20:15:56
147,90,3,2026-03-10 00:36:01
147,33,4,2026-03-13 16:25:23
147,60,4,2026-04-06 07:24:40
147,25,4,2026-05-08 03:36:52
147,48,3,2026-05-12 16:16:06
147,198,3,2026-06-09 23:25:26
148,178,2,2025-06-18 18:34:55
148,39,3,2025-06-24 03:44:38
148,166,3,2025-07-08 22:32:36
148,62,4,2025-07-14 15:38:54
148,126,4,2025-07-17 04:26:48
148,107,3,2025-07-21 06:27:56
148,71,4,2025-07-24 15:26:39
148,198,2,2025-07-29 11:46:16
148,13,4,2025-07-31 20:49:40
148,182,4,2025-08-08 21:03:02
148,163,3,2025-08-24 17:33:46
148,52,4,2025-09-12 06:19:20
148,10,3,2025-09-15 23:01:17
148,170,4,2025-10-26 05:33:28
148,30,4,2025-11-07 06:17:42
148,151,3,2025-12-06 09:47:17
148,137,4,2025-12-16 11:08:50
148,48,4,2025-12-18 01:50:12
148,109,2,2025-12-25 01:53:48
148,86,2,2026-01-27 14:20:57
148,125,5,2026-01-28 21:02:00
148,45,3,2026-02-07 13:33:24
148,92,4,2026-03-04 02:52:24
148,60,3,2026-03-15 08:48:45
148,136,3,2026-03-18 09:32:01
148,140,3,2026-03-19 06:23:42
148,44,3,2026-04-03 10:37:25
148,159,4,2026-04-06 09:59:31
148,77,5,2026-04-06 11:26:22
148,153,4,2026-04-19 22:12:43
148,113,4,2026-04-26 20:42:03
148,132,3,2026-04-27 23:44:51
148,189,4,2026-05-07 06:48:40
148,141,3,2026-05-09 01:26:09
148,46,3,2026-05-31 18:33:53
148,105,3,2026-06-02 19:26:42
148,50,3,2026-06-23 04:55:24
149,182,4,2021-03-06 13:27:03
149,104,5,2021-06-04 17:02:41
149,47,5,2021-06-29 04:57:39
149,158,4,2021-06-29 16:18:36
149,188,4,2021-08-07 06:59:18
149,177,5,2021-09-17 20:28:59
149,130,4,2022-06-10 23:03:42
149,154,3,2022-07-22 09:47:30
149,61,3,2022-11-04 11:37:53
149,68,4,2022-12-01 01:53:23
149,94,1,2022-12-24 07:21:15
149,121,3,2023-01-10 15:20:13
149,160,2,2023-03-13 13:47:28
149,166,5,2023-03-21 18:23:36
149,86,4,2023-04-20 09:34:30
149,127,5,2023-06-20 05:25:46
149,81,4,2023-07-30 15:53:48
149,117,4,2023-08-17 04:49:27
149,128,3,2023-08-26 19:13:05
149,64,3,2023-09-14 20:47:15
149,193,4,2023-11-11 17:07:25
149,91,3,2023-12-21 12:06:39
149,145,2,2024-02-19 09:31:54
149,41,4,2024-05-19 13:47:26
149,33,5,2024-05-29 01:51:46
149,114,4,2024-06-08 11:27:05
149,189,3,2024-06-16 01:30:58
149,200,5,2024-07-23 15:10:50
149,123,4,2024-08-17 00:53:36
149,179,4,2024-09-09 15:02:24
149,37,2,2024-10-11 04:13:01
149,131,3,2025-01-24 06:10:52
149,48,5,2025-01-24 21:47:52
149,159,5,2025-02-04 16:34:22
149,136,3,2025-03-06 15:57:26
149,63,4,2025-03-19 15:30:55
149,186,3,2025-06-19 02:05:52
149,138,4,2025-07-11 17:04:37
149,147,3,2025-10-01 18:56:48
149,30,5,2025-10-21 19:01:49
149,132,4,2026-06-23 12:52:26
150,16,5,2024-06-04 16:55:50
150,109,5,2024-06-16 04:04:15
150,7,5,2024-06-21 14:07:36
150,101,4,2024-07-18 12:26:41
150,94,2,2024-07-25 06:43:13
150,183,4,2024-09-09 11:55:52
150,80,3,2024-09-23 22:11:09
150,134,5,2024-09-30 21:25:50
150,158,3,2024-10-14 11:26:38
150,121,2,2024-11-08 16:08:20
150,166,3,2024-12-14 08:59:47
150,91,3,2025-01-12 22:24:27
150,181,3,2025-03-22 07:06:48
150,30,3,2025-04-17 09:51:21
150,84,4,2025-04-28 18:23:57
150,106,4,2025-04-30 13:23:32
150,34,3,2025-05-02 12:22:48
150,48,4,2025-05-06 03:55:36
150,97,3,2025-05-09 10:24:41
150,125,4,2025-11-10 21:18:55
150,162,4,2025-11-19 23:51:03
150,33,3,2025-11-20 08:18:34
150,73,4,2025-12-19 03:50:16
150,189,3,2026-01-19 17:26:46
150,178,5,2026-01-28 00:07:41
150,45,3,2026-02-03 19:07:02
150,64,4,2026-02-28 01:00:29
150,119,3,2026-03-05 16:50:15
150,130,4,2026-03-13 11:06:43
150,41,4,2026-05-11 11:58:32
150,135,4,2026-06-05 05:22:18
